{
  "v": "5.9.0",
  "fr": 30,
  "ip": 0,
  "op": 210,
  "w": 1080,
  "h": 1080,
  "nm": "2_New_Animation",
  "ddd": 0,
  "assets": [],
  "layers": [
    {
      "ddd": 0,
      "ind": 1,
      "ty": 3,
      "nm": "Null",
      "sr": 1,
      "ks": {
        "o": {
          "a": 0,
          "k": 100,
          "ix": 11
        },
        "r": {
          "a": 0,
          "k": 0,
          "ix": 10
        },
        "p": {
          "a": 1,
          "k": [
            {
              "i": {
                "x": 0.833,
                "y": 1
              },
              "o": {
                "x": 0.167,
                "y": 0
              },
              "t": 42,
              "s": [
                1116,
                540,
                0
              ],
              "to": [
                0,
                0,
                0
              ],
              "ti": [
                0,
                0,
                0
              ]
            },
            {
              "i": {
                "x": 0.833,
                "y": 0.833
              },
              "o": {
                "x": 0.292,
                "y": 0.292
              },
              "t": 57,
              "s": [
                540,
                540,
                0
              ],
              "to": [
                0,
                0,
                0
              ],
              "ti": [
                0,
                0,
                0
              ]
            },
            {
              "i": {
                "x": 0.458,
                "y": 1
              },
              "o": {
                "x": 0.292,
                "y": 0
              },
              "t": 130,
              "s": [
                540,
                540,
                0
              ],
              "to": [
                0,
                0,
                0
              ],
              "ti": [
                0,
                0,
                0
              ]
            },
            {
              "i": {
                "x": 0.764,
                "y": 1
              },
              "o": {
                "x": 0.684,
                "y": 0
              },
              "t": 150,
              "s": [
                1132,
                540,
                0
              ],
              "to": [
                0,
                0,
                0
              ],
              "ti": [
                0,
                0,
                0
              ]
            },
            {
              "t": 160,
              "s": [
                1116,
                540,
                0
              ]
            }
          ],
          "ix": 2,
          "l": 2
        },
        "a": {
          "a": 0,
          "k": [
            527.75,
            240.023,
            0
          ],
          "ix": 1,
          "l": 2
        },
        "s": {
          "a": 0,
          "k": [
            100,
            100,
            100
          ],
          "ix": 6,
          "l": 2
        }
      },
      "ao": 0,
      "ip": 0,
      "op": 250,
      "st": 0,
      "bm": 0
    },
    {
      "ddd": 0,
      "ind": 2,
      "ty": 4,
      "nm": "Buttion Outlines 4",
      "td": 1,
      "sr": 1,
      "ks": {
        "o": {
          "a": 0,
          "k": 100,
          "ix": 11
        },
        "r": {
          "a": 0,
          "k": 0,
          "ix": 10
        },
        "p": {
          "a": 0,
          "k": [
            1067.5,
            540,
            0
          ],
          "ix": 2,
          "l": 2
        },
        "a": {
          "a": 0,
          "k": [
            1055.25,
            240.023,
            0
          ],
          "ix": 1,
          "l": 2
        },
        "s": {
          "a": 0,
          "k": [
            100,
            100,
            100
          ],
          "ix": 6,
          "l": 2
        }
      },
      "ao": 0,
      "shapes": [
        {
          "ty": "gr",
          "it": [
            {
              "ind": 0,
              "ty": "sh",
              "ix": 1,
              "ks": {
                "a": 1,
                "k": [
                  {
                    "i": {
                      "x": 0.833,
                      "y": 1
                    },
                    "o": {
                      "x": 0.167,
                      "y": 0
                    },
                    "t": 42,
                    "s": [
                      {
                        "i": [
                          [
                            -132.423,
                            0
                          ],
                          [
                            0,
                            0
                          ],
                          [
                            0,
                            -132.423
                          ],
                          [
                            132.422,
                            0
                          ],
                          [
                            0,
                            0
                          ],
                          [
                            0,
                            132.423
                          ]
                        ],
                        "o": [
                          [
                            0,
                            0
                          ],
                          [
                            132.422,
                            0
                          ],
                          [
                            0,
                            132.423
                          ],
                          [
                            0,
                            0
                          ],
                          [
                            -132.423,
                            0
                          ],
                          [
                            0,
                            -132.423
                          ]
                        ],
                        "v": [
                          [
                            287.773,
                            -239.817
                          ],
                          [
                            287.728,
                            -239.773
                          ],
                          [
                            527.5,
                            0.001
                          ],
                          [
                            287.728,
                            239.773
                          ],
                          [
                            287.773,
                            239.728
                          ],
                          [
                            48,
                            -0.044
                          ]
                        ],
                        "c": true
                      }
                    ]
                  },
                  {
                    "i": {
                      "x": 0.833,
                      "y": 1
                    },
                    "o": {
                      "x": 0.167,
                      "y": 0
                    },
                    "t": 55,
                    "s": [
                      {
                        "i": [
                          [
                            -132.423,
                            0
                          ],
                          [
                            0,
                            0
                          ],
                          [
                            0,
                            -132.423
                          ],
                          [
                            132.422,
                            0
                          ],
                          [
                            0,
                            0
                          ],
                          [
                            0,
                            132.423
                          ]
                        ],
                        "o": [
                          [
                            0,
                            0
                          ],
                          [
                            132.422,
                            0
                          ],
                          [
                            0,
                            132.423
                          ],
                          [
                            0,
                            0
                          ],
                          [
                            -132.423,
                            0
                          ],
                          [
                            0,
                            -132.423
                          ]
                        ],
                        "v": [
                          [
                            -287.727,
                            -239.773
                          ],
                          [
                            287.728,
                            -239.773
                          ],
                          [
                            527.5,
                            0.001
                          ],
                          [
                            287.728,
                            239.773
                          ],
                          [
                            -287.727,
                            239.773
                          ],
                          [
                            -527.5,
                            0.001
                          ]
                        ],
                        "c": true
                      }
                    ]
                  },
                  {
                    "i": {
                      "x": 0.396,
                      "y": 1
                    },
                    "o": {
                      "x": 0.333,
                      "y": 0
                    },
                    "t": 130,
                    "s": [
                      {
                        "i": [
                          [
                            -132.423,
                            0
                          ],
                          [
                            0,
                            0
                          ],
                          [
                            0,
                            -132.423
                          ],
                          [
                            132.422,
                            0
                          ],
                          [
                            0,
                            0
                          ],
                          [
                            0,
                            132.423
                          ]
                        ],
                        "o": [
                          [
                            0,
                            0
                          ],
                          [
                            132.422,
                            0
                          ],
                          [
                            0,
                            132.423
                          ],
                          [
                            0,
                            0
                          ],
                          [
                            -132.423,
                            0
                          ],
                          [
                            0,
                            -132.423
                          ]
                        ],
                        "v": [
                          [
                            -287.727,
                            -239.773
                          ],
                          [
                            287.728,
                            -239.773
                          ],
                          [
                            527.5,
                            0.001
                          ],
                          [
                            287.728,
                            239.773
                          ],
                          [
                            -287.727,
                            239.773
                          ],
                          [
                            -527.5,
                            0.001
                          ]
                        ],
                        "c": true
                      }
                    ]
                  },
                  {
                    "t": 150,
                    "s": [
                      {
                        "i": [
                          [
                            -132.423,
                            0
                          ],
                          [
                            0,
                            0
                          ],
                          [
                            0,
                            -132.423
                          ],
                          [
                            132.422,
                            0
                          ],
                          [
                            0,
                            0
                          ],
                          [
                            0,
                            132.423
                          ]
                        ],
                        "o": [
                          [
                            0,
                            0
                          ],
                          [
                            132.422,
                            0
                          ],
                          [
                            0,
                            132.423
                          ],
                          [
                            0,
                            0
                          ],
                          [
                            -132.423,
                            0
                          ],
                          [
                            0,
                            -132.423
                          ]
                        ],
                        "v": [
                          [
                            287.773,
                            -239.817
                          ],
                          [
                            287.728,
                            -239.773
                          ],
                          [
                            527.5,
                            0.001
                          ],
                          [
                            287.728,
                            239.773
                          ],
                          [
                            287.773,
                            239.728
                          ],
                          [
                            48,
                            -0.044
                          ]
                        ],
                        "c": true
                      }
                    ]
                  }
                ],
                "ix": 2
              },
              "nm": "Path 1",
              "mn": "ADBE Vector Shape - Group",
              "hd": false
            },
            {
              "ty": "fl",
              "c": {
                "a": 0,
                "k": [
                  0.949019607843,
                  0.917647058824,
                  0.992156862745,
                  1
                ],
                "ix": 4
              },
              "o": {
                "a": 0,
                "k": 100,
                "ix": 5
              },
              "r": 1,
              "bm": 0,
              "nm": "Fill 1",
              "mn": "ADBE Vector Graphic - Fill",
              "hd": false
            },
            {
              "ty": "tr",
              "p": {
                "a": 0,
                "k": [
                  527.75,
                  240.023
                ],
                "ix": 2
              },
              "a": {
                "a": 0,
                "k": [
                  0,
                  0
                ],
                "ix": 1
              },
              "s": {
                "a": 0,
                "k": [
                  100,
                  100
                ],
                "ix": 3
              },
              "r": {
                "a": 0,
                "k": 0,
                "ix": 6
              },
              "o": {
                "a": 0,
                "k": 100,
                "ix": 7
              },
              "sk": {
                "a": 0,
                "k": 0,
                "ix": 4
              },
              "sa": {
                "a": 0,
                "k": 0,
                "ix": 5
              },
              "nm": "Transform"
            }
          ],
          "nm": "Group 1",
          "np": 2,
          "cix": 2,
          "bm": 0,
          "ix": 1,
          "mn": "ADBE Vector Group",
          "hd": false
        }
      ],
      "ip": 0,
      "op": 250,
      "st": 0,
      "bm": 0
    },
    {
      "ddd": 0,
      "ind": 3,
      "ty": 4,
      "nm": "New Outlines",
      "parent": 1,
      "tt": 1,
      "sr": 1,
      "ks": {
        "o": {
          "a": 1,
          "k": [
            {
              "i": {
                "x": [
                  0.833
                ],
                "y": [
                  1
                ]
              },
              "o": {
                "x": [
                  0.167
                ],
                "y": [
                  0
                ]
              },
              "t": 46,
              "s": [
                0
              ]
            },
            {
              "i": {
                "x": [
                  0.833
                ],
                "y": [
                  1
                ]
              },
              "o": {
                "x": [
                  0.347
                ],
                "y": [
                  0
                ]
              },
              "t": 54,
              "s": [
                100
              ]
            },
            {
              "i": {
                "x": [
                  0.157
                ],
                "y": [
                  1
                ]
              },
              "o": {
                "x": [
                  0.347
                ],
                "y": [
                  0
                ]
              },
              "t": 134,
              "s": [
                100
              ]
            },
            {
              "t": 143,
              "s": [
                0
              ]
            }
          ],
          "ix": 11
        },
        "r": {
          "a": 0,
          "k": 0,
          "ix": 10
        },
        "p": {
          "a": 0,
          "k": [
            674.739,
            242.202,
            0
          ],
          "ix": 2,
          "l": 2
        },
        "a": {
          "a": 0,
          "k": [
            229.388,
            70.002,
            0
          ],
          "ix": 1,
          "l": 2
        },
        "s": {
          "a": 0,
          "k": [
            100,
            100,
            100
          ],
          "ix": 6,
          "l": 2
        }
      },
      "ao": 0,
      "shapes": [
        {
          "ty": "gr",
          "it": [
            {
              "ind": 0,
              "ty": "sh",
              "ix": 1,
              "ks": {
                "a": 0,
                "k": {
                  "i": [
                    [
                      0,
                      0
                    ],
                    [
                      0,
                      0
                    ],
                    [
                      0,
                      0
                    ],
                    [
                      0,
                      0
                    ],
                    [
                      0,
                      0
                    ],
                    [
                      0,
                      0
                    ],
                    [
                      0,
                      0
                    ],
                    [
                      0,
                      0
                    ],
                    [
                      0,
                      0
                    ],
                    [
                      0,
                      0
                    ],
                    [
                      0,
                      0
                    ],
                    [
                      0,
                      0
                    ],
                    [
                      0,
                      0
                    ],
                    [
                      0,
                      0
                    ],
                    [
                      0,
                      0
                    ],
                    [
                      0,
                      0
                    ]
                  ],
                  "o": [
                    [
                      0,
                      0
                    ],
                    [
                      0,
                      0
                    ],
                    [
                      0,
                      0
                    ],
                    [
                      0,
                      0
                    ],
                    [
                      0,
                      0
                    ],
                    [
                      0,
                      0
                    ],
                    [
                      0,
                      0
                    ],
                    [
                      0,
                      0
                    ],
                    [
                      0,
                      0
                    ],
                    [
                      0,
                      0
                    ],
                    [
                      0,
                      0
                    ],
                    [
                      0,
                      0
                    ],
                    [
                      0,
                      0
                    ],
                    [
                      0,
                      0
                    ],
                    [
                      0,
                      0
                    ],
                    [
                      0,
                      0
                    ]
                  ],
                  "v": [
                    [
                      82.891,
                      69.752
                    ],
                    [
                      43.517,
                      -69.752
                    ],
                    [
                      70.696,
                      -69.752
                    ],
                    [
                      95.832,
                      32.765
                    ],
                    [
                      97.126,
                      32.765
                    ],
                    [
                      123.964,
                      -69.752
                    ],
                    [
                      148.691,
                      -69.752
                    ],
                    [
                      175.597,
                      32.832
                    ],
                    [
                      176.824,
                      32.832
                    ],
                    [
                      201.96,
                      -69.752
                    ],
                    [
                      229.137,
                      -69.752
                    ],
                    [
                      189.764,
                      69.752
                    ],
                    [
                      164.835,
                      69.752
                    ],
                    [
                      136.907,
                      -28.133
                    ],
                    [
                      135.816,
                      -28.133
                    ],
                    [
                      107.819,
                      69.752
                    ]
                  ],
                  "c": true
                },
                "ix": 2
              },
              "nm": "Path 1",
              "mn": "ADBE Vector Shape - Group",
              "hd": false
            },
            {
              "ind": 1,
              "ty": "sh",
              "ix": 2,
              "ks": {
                "a": 0,
                "k": {
                  "i": [
                    [
                      0,
                      0
                    ],
                    [
                      0,
                      0
                    ],
                    [
                      0,
                      0
                    ],
                    [
                      0,
                      0
                    ],
                    [
                      0,
                      0
                    ],
                    [
                      0,
                      0
                    ],
                    [
                      0,
                      0
                    ],
                    [
                      0,
                      0
                    ],
                    [
                      0,
                      0
                    ],
                    [
                      0,
                      0
                    ],
                    [
                      0,
                      0
                    ],
                    [
                      0,
                      0
                    ]
                  ],
                  "o": [
                    [
                      0,
                      0
                    ],
                    [
                      0,
                      0
                    ],
                    [
                      0,
                      0
                    ],
                    [
                      0,
                      0
                    ],
                    [
                      0,
                      0
                    ],
                    [
                      0,
                      0
                    ],
                    [
                      0,
                      0
                    ],
                    [
                      0,
                      0
                    ],
                    [
                      0,
                      0
                    ],
                    [
                      0,
                      0
                    ],
                    [
                      0,
                      0
                    ],
                    [
                      0,
                      0
                    ]
                  ],
                  "v": [
                    [
                      -74.971,
                      69.752
                    ],
                    [
                      -74.971,
                      -69.752
                    ],
                    [
                      15.759,
                      -69.752
                    ],
                    [
                      15.759,
                      -48.568
                    ],
                    [
                      -49.702,
                      -48.568
                    ],
                    [
                      -49.702,
                      -10.694
                    ],
                    [
                      11.059,
                      -10.694
                    ],
                    [
                      11.059,
                      10.49
                    ],
                    [
                      -49.702,
                      10.49
                    ],
                    [
                      -49.702,
                      48.568
                    ],
                    [
                      16.306,
                      48.568
                    ],
                    [
                      16.306,
                      69.752
                    ]
                  ],
                  "c": true
                },
                "ix": 2
              },
              "nm": "Path 2",
              "mn": "ADBE Vector Shape - Group",
              "hd": false
            },
            {
              "ind": 2,
              "ty": "sh",
              "ix": 3,
              "ks": {
                "a": 0,
                "k": {
                  "i": [
                    [
                      0,
                      0
                    ],
                    [
                      0,
                      0
                    ],
                    [
                      0,
                      0
                    ],
                    [
                      0,
                      0
                    ],
                    [
                      0,
                      0
                    ],
                    [
                      0,
                      0
                    ],
                    [
                      0,
                      0
                    ],
                    [
                      0,
                      0
                    ],
                    [
                      0,
                      0
                    ],
                    [
                      0,
                      0
                    ],
                    [
                      0,
                      0
                    ],
                    [
                      0,
                      0
                    ]
                  ],
                  "o": [
                    [
                      0,
                      0
                    ],
                    [
                      0,
                      0
                    ],
                    [
                      0,
                      0
                    ],
                    [
                      0,
                      0
                    ],
                    [
                      0,
                      0
                    ],
                    [
                      0,
                      0
                    ],
                    [
                      0,
                      0
                    ],
                    [
                      0,
                      0
                    ],
                    [
                      0,
                      0
                    ],
                    [
                      0,
                      0
                    ],
                    [
                      0,
                      0
                    ],
                    [
                      0,
                      0
                    ]
                  ],
                  "v": [
                    [
                      -114.497,
                      -69.752
                    ],
                    [
                      -114.497,
                      69.752
                    ],
                    [
                      -136.976,
                      69.752
                    ],
                    [
                      -202.709,
                      -25.272
                    ],
                    [
                      -203.868,
                      -25.272
                    ],
                    [
                      -203.868,
                      69.752
                    ],
                    [
                      -229.137,
                      69.752
                    ],
                    [
                      -229.137,
                      -69.752
                    ],
                    [
                      -206.524,
                      -69.752
                    ],
                    [
                      -140.858,
                      25.339
                    ],
                    [
                      -139.632,
                      25.339
                    ],
                    [
                      -139.632,
                      -69.752
                    ]
                  ],
                  "c": true
                },
                "ix": 2
              },
              "nm": "Path 3",
              "mn": "ADBE Vector Shape - Group",
              "hd": false
            },
            {
              "ty": "mm",
              "mm": 1,
              "nm": "Merge Paths 1",
              "mn": "ADBE Vector Filter - Merge",
              "hd": false
            },
            {
              "ty": "fl",
              "c": {
                "a": 0,
                "k": [
                  0.592156862745,
                  0.278431372549,
                  1,
                  1
                ],
                "ix": 4
              },
              "o": {
                "a": 0,
                "k": 100,
                "ix": 5
              },
              "r": 1,
              "bm": 0,
              "nm": "Fill 1",
              "mn": "ADBE Vector Graphic - Fill",
              "hd": false
            },
            {
              "ty": "tr",
              "p": {
                "a": 0,
                "k": [
                  229.387,
                  70.002
                ],
                "ix": 2
              },
              "a": {
                "a": 0,
                "k": [
                  0,
                  0
                ],
                "ix": 1
              },
              "s": {
                "a": 0,
                "k": [
                  100,
                  100
                ],
                "ix": 3
              },
              "r": {
                "a": 0,
                "k": 0,
                "ix": 6
              },
              "o": {
                "a": 0,
                "k": 100,
                "ix": 7
              },
              "sk": {
                "a": 0,
                "k": 0,
                "ix": 4
              },
              "sa": {
                "a": 0,
                "k": 0,
                "ix": 5
              },
              "nm": "Transform"
            }
          ],
          "nm": "Group 1",
          "np": 5,
          "cix": 2,
          "bm": 0,
          "ix": 1,
          "mn": "ADBE Vector Group",
          "hd": false
        }
      ],
      "ip": 0,
      "op": 250,
      "st": 0,
      "bm": 0
    },
    {
      "ddd": 0,
      "ind": 4,
      "ty": 4,
      "nm": "Star 2 Outlines",
      "parent": 1,
      "sr": 1,
      "ks": {
        "o": {
          "a": 0,
          "k": 100,
          "ix": 11
        },
        "r": {
          "a": 0,
          "k": 0,
          "ix": 10
        },
        "p": {
          "a": 0,
          "k": [
            240.023,
            240.023,
            0
          ],
          "ix": 2,
          "l": 2
        },
        "a": {
          "a": 0,
          "k": [
            108.148,
            108.147,
            0
          ],
          "ix": 1,
          "l": 2
        },
        "s": {
          "a": 0,
          "k": [
            100,
            100,
            100
          ],
          "ix": 6,
          "l": 2
        }
      },
      "ao": 0,
      "shapes": [
        {
          "ty": "gr",
          "it": [
            {
              "ind": 0,
              "ty": "sh",
              "ix": 1,
              "ks": {
                "a": 0,
                "k": {
                  "i": [
                    [
                      0,
                      0
                    ],
                    [
                      0,
                      0
                    ],
                    [
                      0,
                      0
                    ],
                    [
                      0,
                      0
                    ],
                    [
                      0,
                      0
                    ],
                    [
                      0,
                      0
                    ],
                    [
                      0,
                      0
                    ],
                    [
                      0,
                      0
                    ]
                  ],
                  "o": [
                    [
                      0,
                      0
                    ],
                    [
                      0,
                      0
                    ],
                    [
                      0,
                      0
                    ],
                    [
                      0,
                      0
                    ],
                    [
                      0,
                      0
                    ],
                    [
                      0,
                      0
                    ],
                    [
                      0,
                      0
                    ],
                    [
                      0,
                      0
                    ]
                  ],
                  "v": [
                    [
                      68.662,
                      29.427
                    ],
                    [
                      56.402,
                      56.402
                    ],
                    [
                      29.428,
                      68.661
                    ],
                    [
                      56.402,
                      80.923
                    ],
                    [
                      68.662,
                      107.897
                    ],
                    [
                      80.924,
                      80.923
                    ],
                    [
                      107.898,
                      68.661
                    ],
                    [
                      80.924,
                      56.402
                    ]
                  ],
                  "c": true
                },
                "ix": 2
              },
              "nm": "Path 1",
              "mn": "ADBE Vector Shape - Group",
              "hd": false
            },
            {
              "ind": 1,
              "ty": "sh",
              "ix": 2,
              "ks": {
                "a": 0,
                "k": {
                  "i": [
                    [
                      0,
                      0
                    ],
                    [
                      0,
                      0
                    ],
                    [
                      0,
                      0
                    ],
                    [
                      0,
                      0
                    ],
                    [
                      0,
                      0
                    ],
                    [
                      0,
                      0
                    ],
                    [
                      0,
                      0
                    ],
                    [
                      0,
                      0
                    ]
                  ],
                  "o": [
                    [
                      0,
                      0
                    ],
                    [
                      0,
                      0
                    ],
                    [
                      0,
                      0
                    ],
                    [
                      0,
                      0
                    ],
                    [
                      0,
                      0
                    ],
                    [
                      0,
                      0
                    ],
                    [
                      0,
                      0
                    ],
                    [
                      0,
                      0
                    ]
                  ],
                  "v": [
                    [
                      -4.905,
                      -24.522
                    ],
                    [
                      -29.426,
                      -78.47
                    ],
                    [
                      -53.949,
                      -24.522
                    ],
                    [
                      -107.898,
                      0.001
                    ],
                    [
                      -53.949,
                      24.522
                    ],
                    [
                      -29.426,
                      78.47
                    ],
                    [
                      -4.905,
                      24.522
                    ],
                    [
                      49.045,
                      0.001
                    ]
                  ],
                  "c": true
                },
                "ix": 2
              },
              "nm": "Path 2",
              "mn": "ADBE Vector Shape - Group",
              "hd": false
            },
            {
              "ind": 2,
              "ty": "sh",
              "ix": 3,
              "ks": {
                "a": 0,
                "k": {
                  "i": [
                    [
                      0,
                      0
                    ],
                    [
                      0,
                      0
                    ],
                    [
                      0,
                      0
                    ],
                    [
                      0,
                      0
                    ],
                    [
                      0,
                      0
                    ],
                    [
                      0,
                      0
                    ],
                    [
                      0,
                      0
                    ],
                    [
                      0,
                      0
                    ]
                  ],
                  "o": [
                    [
                      0,
                      0
                    ],
                    [
                      0,
                      0
                    ],
                    [
                      0,
                      0
                    ],
                    [
                      0,
                      0
                    ],
                    [
                      0,
                      0
                    ],
                    [
                      0,
                      0
                    ],
                    [
                      0,
                      0
                    ],
                    [
                      0,
                      0
                    ]
                  ],
                  "v": [
                    [
                      68.662,
                      -29.426
                    ],
                    [
                      80.924,
                      -56.401
                    ],
                    [
                      107.898,
                      -68.662
                    ],
                    [
                      80.924,
                      -80.923
                    ],
                    [
                      68.662,
                      -107.897
                    ],
                    [
                      56.402,
                      -80.923
                    ],
                    [
                      29.428,
                      -68.662
                    ],
                    [
                      56.402,
                      -56.401
                    ]
                  ],
                  "c": true
                },
                "ix": 2
              },
              "nm": "Path 3",
              "mn": "ADBE Vector Shape - Group",
              "hd": false
            },
            {
              "ty": "fl",
              "c": {
                "a": 0,
                "k": [
                  0.592156862745,
                  0.278431372549,
                  1,
                  1
                ],
                "ix": 4
              },
              "o": {
                "a": 0,
                "k": 100,
                "ix": 5
              },
              "r": 1,
              "bm": 0,
              "nm": "Fill 1",
              "mn": "ADBE Vector Graphic - Fill",
              "hd": false
            },
            {
              "ty": "tr",
              "p": {
                "a": 0,
                "k": [
                  108.148,
                  108.148
                ],
                "ix": 2
              },
              "a": {
                "a": 0,
                "k": [
                  0,
                  0
                ],
                "ix": 1
              },
              "s": {
                "a": 0,
                "k": [
                  100,
                  100
                ],
                "ix": 3
              },
              "r": {
                "a": 0,
                "k": 0,
                "ix": 6
              },
              "o": {
                "a": 0,
                "k": 100,
                "ix": 7
              },
              "sk": {
                "a": 0,
                "k": 0,
                "ix": 4
              },
              "sa": {
                "a": 0,
                "k": 0,
                "ix": 5
              },
              "nm": "Transform"
            }
          ],
          "nm": "Group 1",
          "np": 4,
          "cix": 2,
          "bm": 0,
          "ix": 1,
          "mn": "ADBE Vector Group",
          "hd": false
        }
      ],
      "ip": 0,
      "op": 250,
      "st": 0,
      "bm": 0
    },
    {
      "ddd": 0,
      "ind": 5,
      "ty": 4,
      "nm": "Buttion Outlines",
      "sr": 1,
      "ks": {
        "o": {
          "a": 0,
          "k": 100,
          "ix": 11
        },
        "r": {
          "a": 0,
          "k": 0,
          "ix": 10
        },
        "p": {
          "a": 1,
          "k": [
            {
              "i": {
                "x": 0.833,
                "y": 0.833
              },
              "o": {
                "x": 0.167,
                "y": 0.167
              },
              "t": 45,
              "s": [
                1067.5,
                540,
                0
              ],
              "to": [
                0,
                0,
                0
              ],
              "ti": [
                0,
                0,
                0
              ]
            },
            {
              "i": {
                "x": 0.833,
                "y": 0.833
              },
              "o": {
                "x": 0.333,
                "y": 0.333
              },
              "t": 51,
              "s": [
                1067.5,
                540,
                0
              ],
              "to": [
                0,
                0,
                0
              ],
              "ti": [
                0,
                0,
                0
              ]
            },
            {
              "i": {
                "x": 0.667,
                "y": 1
              },
              "o": {
                "x": 0.333,
                "y": 0
              },
              "t": 146,
              "s": [
                1067.5,
                540,
                0
              ],
              "to": [
                1.333,
                0,
                0
              ],
              "ti": [
                0,
                0,
                0
              ]
            },
            {
              "i": {
                "x": 0.667,
                "y": 1
              },
              "o": {
                "x": 0.333,
                "y": 0
              },
              "t": 153,
              "s": [
                1075.5,
                540,
                0
              ],
              "to": [
                0,
                0,
                0
              ],
              "ti": [
                1.333,
                0,
                0
              ]
            },
            {
              "t": 160,
              "s": [
                1067.5,
                540,
                0
              ]
            }
          ],
          "ix": 2,
          "l": 2
        },
        "a": {
          "a": 0,
          "k": [
            1055.25,
            240.023,
            0
          ],
          "ix": 1,
          "l": 2
        },
        "s": {
          "a": 1,
          "k": [
            {
              "i": {
                "x": [
                  0.833,
                  0.833,
                  0.833
                ],
                "y": [
                  0.833,
                  0.833,
                  0.833
                ]
              },
              "o": {
                "x": [
                  0.167,
                  0.167,
                  0.167
                ],
                "y": [
                  0.167,
                  0.167,
                  0.167
                ]
              },
              "t": 45,
              "s": [
                100,
                100,
                100
              ]
            },
            {
              "i": {
                "x": [
                  0.833,
                  0.833,
                  0.833
                ],
                "y": [
                  0.833,
                  0.833,
                  0.833
                ]
              },
              "o": {
                "x": [
                  0.167,
                  0.167,
                  0.167
                ],
                "y": [
                  0.167,
                  0.167,
                  0.167
                ]
              },
              "t": 51,
              "s": [
                100,
                100,
                100
              ]
            },
            {
              "i": {
                "x": [
                  0.833,
                  0.833,
                  0.833
                ],
                "y": [
                  0.833,
                  0.833,
                  0.833
                ]
              },
              "o": {
                "x": [
                  0.167,
                  0.167,
                  0.167
                ],
                "y": [
                  0.167,
                  0.167,
                  0.167
                ]
              },
              "t": 146,
              "s": [
                100,
                100,
                100
              ]
            },
            {
              "i": {
                "x": [
                  0.833,
                  0.833,
                  0.833
                ],
                "y": [
                  0.833,
                  0.833,
                  0.833
                ]
              },
              "o": {
                "x": [
                  0.167,
                  0.167,
                  0.167
                ],
                "y": [
                  0.167,
                  0.167,
                  0.167
                ]
              },
              "t": 153,
              "s": [
                95,
                100,
                100
              ]
            },
            {
              "t": 160,
              "s": [
                100,
                100,
                100
              ]
            }
          ],
          "ix": 6,
          "l": 2
        }
      },
      "ao": 0,
      "shapes": [
        {
          "ty": "gr",
          "it": [
            {
              "ind": 0,
              "ty": "sh",
              "ix": 1,
              "ks": {
                "a": 1,
                "k": [
                  {
                    "i": {
                      "x": 0.833,
                      "y": 1
                    },
                    "o": {
                      "x": 0.167,
                      "y": 0
                    },
                    "t": 42,
                    "s": [
                      {
                        "i": [
                          [
                            -132.423,
                            0
                          ],
                          [
                            0,
                            0
                          ],
                          [
                            0,
                            -132.423
                          ],
                          [
                            132.422,
                            0
                          ],
                          [
                            0,
                            0
                          ],
                          [
                            0,
                            132.423
                          ]
                        ],
                        "o": [
                          [
                            0,
                            0
                          ],
                          [
                            132.422,
                            0
                          ],
                          [
                            0,
                            132.423
                          ],
                          [
                            0,
                            0
                          ],
                          [
                            -132.423,
                            0
                          ],
                          [
                            0,
                            -132.423
                          ]
                        ],
                        "v": [
                          [
                            287.773,
                            -239.817
                          ],
                          [
                            287.728,
                            -239.773
                          ],
                          [
                            527.5,
                            0.001
                          ],
                          [
                            287.728,
                            239.773
                          ],
                          [
                            287.773,
                            239.728
                          ],
                          [
                            48,
                            -0.044
                          ]
                        ],
                        "c": true
                      }
                    ]
                  },
                  {
                    "i": {
                      "x": 0.833,
                      "y": 1
                    },
                    "o": {
                      "x": 0.167,
                      "y": 0
                    },
                    "t": 55,
                    "s": [
                      {
                        "i": [
                          [
                            -132.423,
                            0
                          ],
                          [
                            0,
                            0
                          ],
                          [
                            0,
                            -132.423
                          ],
                          [
                            132.422,
                            0
                          ],
                          [
                            0,
                            0
                          ],
                          [
                            0,
                            132.423
                          ]
                        ],
                        "o": [
                          [
                            0,
                            0
                          ],
                          [
                            132.422,
                            0
                          ],
                          [
                            0,
                            132.423
                          ],
                          [
                            0,
                            0
                          ],
                          [
                            -132.423,
                            0
                          ],
                          [
                            0,
                            -132.423
                          ]
                        ],
                        "v": [
                          [
                            -287.727,
                            -239.773
                          ],
                          [
                            287.728,
                            -239.773
                          ],
                          [
                            527.5,
                            0.001
                          ],
                          [
                            287.728,
                            239.773
                          ],
                          [
                            -287.727,
                            239.773
                          ],
                          [
                            -527.5,
                            0.001
                          ]
                        ],
                        "c": true
                      }
                    ]
                  },
                  {
                    "i": {
                      "x": 0.396,
                      "y": 1
                    },
                    "o": {
                      "x": 0.333,
                      "y": 0
                    },
                    "t": 130,
                    "s": [
                      {
                        "i": [
                          [
                            -132.423,
                            0
                          ],
                          [
                            0,
                            0
                          ],
                          [
                            0,
                            -132.423
                          ],
                          [
                            132.422,
                            0
                          ],
                          [
                            0,
                            0
                          ],
                          [
                            0,
                            132.423
                          ]
                        ],
                        "o": [
                          [
                            0,
                            0
                          ],
                          [
                            132.422,
                            0
                          ],
                          [
                            0,
                            132.423
                          ],
                          [
                            0,
                            0
                          ],
                          [
                            -132.423,
                            0
                          ],
                          [
                            0,
                            -132.423
                          ]
                        ],
                        "v": [
                          [
                            -287.727,
                            -239.773
                          ],
                          [
                            287.728,
                            -239.773
                          ],
                          [
                            527.5,
                            0.001
                          ],
                          [
                            287.728,
                            239.773
                          ],
                          [
                            -287.727,
                            239.773
                          ],
                          [
                            -527.5,
                            0.001
                          ]
                        ],
                        "c": true
                      }
                    ]
                  },
                  {
                    "t": 150,
                    "s": [
                      {
                        "i": [
                          [
                            -132.423,
                            0
                          ],
                          [
                            0,
                            0
                          ],
                          [
                            0,
                            -132.423
                          ],
                          [
                            132.422,
                            0
                          ],
                          [
                            0,
                            0
                          ],
                          [
                            0,
                            132.423
                          ]
                        ],
                        "o": [
                          [
                            0,
                            0
                          ],
                          [
                            132.422,
                            0
                          ],
                          [
                            0,
                            132.423
                          ],
                          [
                            0,
                            0
                          ],
                          [
                            -132.423,
                            0
                          ],
                          [
                            0,
                            -132.423
                          ]
                        ],
                        "v": [
                          [
                            287.773,
                            -239.817
                          ],
                          [
                            287.728,
                            -239.773
                          ],
                          [
                            527.5,
                            0.001
                          ],
                          [
                            287.728,
                            239.773
                          ],
                          [
                            287.773,
                            239.728
                          ],
                          [
                            48,
                            -0.044
                          ]
                        ],
                        "c": true
                      }
                    ]
                  }
                ],
                "ix": 2
              },
              "nm": "Path 1",
              "mn": "ADBE Vector Shape - Group",
              "hd": false
            },
            {
              "ty": "fl",
              "c": {
                "a": 0,
                "k": [
                  0.949019607843,
                  0.917647058824,
                  0.992156862745,
                  1
                ],
                "ix": 4
              },
              "o": {
                "a": 0,
                "k": 100,
                "ix": 5
              },
              "r": 1,
              "bm": 0,
              "nm": "Fill 1",
              "mn": "ADBE Vector Graphic - Fill",
              "hd": false
            },
            {
              "ty": "tr",
              "p": {
                "a": 0,
                "k": [
                  527.75,
                  240.023
                ],
                "ix": 2
              },
              "a": {
                "a": 0,
                "k": [
                  0,
                  0
                ],
                "ix": 1
              },
              "s": {
                "a": 0,
                "k": [
                  100,
                  100
                ],
                "ix": 3
              },
              "r": {
                "a": 0,
                "k": 0,
                "ix": 6
              },
              "o": {
                "a": 0,
                "k": 100,
                "ix": 7
              },
              "sk": {
                "a": 0,
                "k": 0,
                "ix": 4
              },
              "sa": {
                "a": 0,
                "k": 0,
                "ix": 5
              },
              "nm": "Transform"
            }
          ],
          "nm": "Group 1",
          "np": 2,
          "cix": 2,
          "bm": 0,
          "ix": 1,
          "mn": "ADBE Vector Group",
          "hd": false
        }
      ],
      "ip": 0,
      "op": 250,
      "st": 0,
      "bm": 0
    }
  ],
  "markers": []
}