{
  "v": "5.5.7",
  "fr": 25,
  "ip": 0,
  "op": 41,
  "w": 1500,
  "h": 1500,
  "nm": "9_Winking Face",
  "ddd": 0,
  "assets": [],
  "layers": [
    {
      "ddd": 0,
      "ind": 1,
      "ty": 3,
      "nm": "SIZE",
      "sr": 1,
      "ks": {
        "o": {
          "a": 0,
          "k": 0,
          "ix": 11
        },
        "r": {
          "a": 0,
          "k": 0,
          "ix": 10
        },
        "p": {
          "a": 0,
          "k": [
            749.695,
            696.9,
            0
          ],
          "ix": 2
        },
        "a": {
          "a": 0,
          "k": [
            60,
            60,
            0
          ],
          "ix": 1
        },
        "s": {
          "a": 0,
          "k": [
            650,
            650,
            100
          ],
          "ix": 6
        }
      },
      "ao": 0,
      "ip": 0,
      "op": 41,
      "st": 0,
      "bm": 0
    },
    {
      "ddd": 0,
      "ind": 2,
      "ty": 3,
      "nm": "Body CONTROL",
      "parent": 1,
      "sr": 1,
      "ks": {
        "o": {
          "a": 0,
          "k": 0,
          "ix": 11
        },
        "r": {
          "a": 0,
          "k": 0,
          "ix": 10
        },
        "p": {
          "a": 1,
          "k": [
            {
              "i": {
                "x": 0.43,
                "y": 1
              },
              "o": {
                "x": 0.57,
                "y": 0
              },
              "t": 0,
              "s": [
                60,
                60,
                0
              ],
              "to": [
                0,
                0,
                0
              ],
              "ti": [
                0,
                0,
                0
              ]
            },
            {
              "i": {
                "x": 0.43,
                "y": 1
              },
              "o": {
                "x": 0.57,
                "y": 0
              },
              "t": 9,
              "s": [
                60,
                49.1,
                0
              ],
              "to": [
                0,
                0,
                0
              ],
              "ti": [
                0,
                0,
                0
              ]
            },
            {
              "i": {
                "x": 0.43,
                "y": 1
              },
              "o": {
                "x": 0.57,
                "y": 0
              },
              "t": 15,
              "s": [
                60,
                65.6,
                0
              ],
              "to": [
                0,
                0,
                0
              ],
              "ti": [
                0,
                0,
                0
              ]
            },
            {
              "i": {
                "x": 0.43,
                "y": 0.43
              },
              "o": {
                "x": 0.167,
                "y": 0.167
              },
              "t": 23,
              "s": [
                60,
                60,
                0
              ],
              "to": [
                0,
                0,
                0
              ],
              "ti": [
                0,
                0,
                0
              ]
            },
            {
              "i": {
                "x": 0.43,
                "y": 0.43
              },
              "o": {
                "x": 0.167,
                "y": 0.167
              },
              "t": 24,
              "s": [
                60,
                60,
                0
              ],
              "to": [
                0,
                0,
                0
              ],
              "ti": [
                0,
                0,
                0
              ]
            },
            {
              "t": 47,
              "s": [
                60,
                60,
                0
              ]
            }
          ],
          "ix": 2
        },
        "a": {
          "a": 0,
          "k": [
            60,
            60,
            0
          ],
          "ix": 1
        },
        "s": {
          "a": 1,
          "k": [
            {
              "i": {
                "x": [
                  0.44,
                  0.44,
                  0.44
                ],
                "y": [
                  1,
                  1,
                  1
                ]
              },
              "o": {
                "x": [
                  0.56,
                  0.56,
                  0.56
                ],
                "y": [
                  0,
                  0,
                  0
                ]
              },
              "t": 0,
              "s": [
                100,
                100,
                100
              ]
            },
            {
              "i": {
                "x": [
                  0.44,
                  0.44,
                  0.44
                ],
                "y": [
                  1,
                  1,
                  1
                ]
              },
              "o": {
                "x": [
                  0.56,
                  0.56,
                  0.56
                ],
                "y": [
                  0,
                  0,
                  0
                ]
              },
              "t": 8,
              "s": [
                97.8,
                102,
                100
              ]
            },
            {
              "i": {
                "x": [
                  0.44,
                  0.44,
                  0.44
                ],
                "y": [
                  1,
                  1,
                  1
                ]
              },
              "o": {
                "x": [
                  0.56,
                  0.56,
                  0.56
                ],
                "y": [
                  0,
                  0,
                  0
                ]
              },
              "t": 14,
              "s": [
                102.7,
                98,
                100
              ]
            },
            {
              "i": {
                "x": [
                  0.833,
                  0.833,
                  0.833
                ],
                "y": [
                  1,
                  1,
                  1
                ]
              },
              "o": {
                "x": [
                  0.167,
                  0.167,
                  0.167
                ],
                "y": [
                  0,
                  0,
                  0
                ]
              },
              "t": 22,
              "s": [
                100,
                100,
                100
              ]
            },
            {
              "i": {
                "x": [
                  0.833,
                  0.833,
                  0.833
                ],
                "y": [
                  1,
                  1,
                  1
                ]
              },
              "o": {
                "x": [
                  0.167,
                  0.167,
                  0.167
                ],
                "y": [
                  0,
                  0,
                  0
                ]
              },
              "t": 24,
              "s": [
                100,
                100,
                100
              ]
            },
            {
              "t": 47,
              "s": [
                100,
                100,
                100
              ]
            }
          ],
          "ix": 6
        }
      },
      "ao": 0,
      "ip": 0,
      "op": 41,
      "st": 0,
      "bm": 0
    },
    {
      "ddd": 0,
      "ind": 3,
      "ty": 3,
      "nm": "Face CONTROL",
      "parent": 8,
      "sr": 1,
      "ks": {
        "o": {
          "a": 0,
          "k": 0,
          "ix": 11
        },
        "r": {
          "a": 1,
          "k": [
            {
              "i": {
                "x": [
                  0.42
                ],
                "y": [
                  1
                ]
              },
              "o": {
                "x": [
                  0.58
                ],
                "y": [
                  0
                ]
              },
              "t": 0,
              "s": [
                0
              ]
            },
            {
              "i": {
                "x": [
                  0.42
                ],
                "y": [
                  1
                ]
              },
              "o": {
                "x": [
                  0.58
                ],
                "y": [
                  0
                ]
              },
              "t": 8,
              "s": [
                -5.6
              ]
            },
            {
              "i": {
                "x": [
                  0.42
                ],
                "y": [
                  1
                ]
              },
              "o": {
                "x": [
                  0.58
                ],
                "y": [
                  0
                ]
              },
              "t": 16,
              "s": [
                2.3
              ]
            },
            {
              "i": {
                "x": [
                  0.42
                ],
                "y": [
                  1
                ]
              },
              "o": {
                "x": [
                  0.167
                ],
                "y": [
                  0
                ]
              },
              "t": 22,
              "s": [
                0
              ]
            },
            {
              "i": {
                "x": [
                  0.833
                ],
                "y": [
                  1
                ]
              },
              "o": {
                "x": [
                  0.167
                ],
                "y": [
                  0
                ]
              },
              "t": 24,
              "s": [
                0
              ]
            },
            {
              "t": 47,
              "s": [
                0
              ]
            }
          ],
          "ix": 10
        },
        "p": {
          "a": 1,
          "k": [
            {
              "i": {
                "x": 0.42,
                "y": 1
              },
              "o": {
                "x": 0.58,
                "y": 0
              },
              "t": 0,
              "s": [
                0,
                -55.6,
                0
              ],
              "to": [
                0,
                0,
                0
              ],
              "ti": [
                0,
                0,
                0
              ]
            },
            {
              "i": {
                "x": 0.42,
                "y": 1
              },
              "o": {
                "x": 0.58,
                "y": 0
              },
              "t": 8,
              "s": [
                0,
                -79,
                0
              ],
              "to": [
                0,
                0,
                0
              ],
              "ti": [
                0,
                0,
                0
              ]
            },
            {
              "i": {
                "x": 0.42,
                "y": 1
              },
              "o": {
                "x": 0.58,
                "y": 0
              },
              "t": 16,
              "s": [
                0,
                -35,
                0
              ],
              "to": [
                0,
                0,
                0
              ],
              "ti": [
                0,
                0,
                0
              ]
            },
            {
              "i": {
                "x": 0.42,
                "y": 0.42
              },
              "o": {
                "x": 0.167,
                "y": 0.167
              },
              "t": 22,
              "s": [
                0,
                -55.6,
                0
              ],
              "to": [
                0,
                0,
                0
              ],
              "ti": [
                0,
                0,
                0
              ]
            },
            {
              "i": {
                "x": 0.42,
                "y": 0.42
              },
              "o": {
                "x": 0.167,
                "y": 0.167
              },
              "t": 24,
              "s": [
                0,
                -55.6,
                0
              ],
              "to": [
                0,
                0,
                0
              ],
              "ti": [
                0,
                0,
                0
              ]
            },
            {
              "t": 47,
              "s": [
                0,
                -55.6,
                0
              ]
            }
          ],
          "ix": 2
        },
        "a": {
          "a": 0,
          "k": [
            60,
            60,
            0
          ],
          "ix": 1
        },
        "s": {
          "a": 1,
          "k": [
            {
              "i": {
                "x": [
                  0.42,
                  0.42,
                  0.42
                ],
                "y": [
                  1,
                  1,
                  1
                ]
              },
              "o": {
                "x": [
                  0.58,
                  0.58,
                  0.58
                ],
                "y": [
                  0,
                  0,
                  0
                ]
              },
              "t": 0,
              "s": [
                100,
                100,
                100
              ]
            },
            {
              "i": {
                "x": [
                  0.42,
                  0.42,
                  0.42
                ],
                "y": [
                  1,
                  1,
                  1
                ]
              },
              "o": {
                "x": [
                  0.58,
                  0.58,
                  0.58
                ],
                "y": [
                  0,
                  0,
                  0
                ]
              },
              "t": 8,
              "s": [
                103.3,
                103.3,
                100
              ]
            },
            {
              "i": {
                "x": [
                  0.42,
                  0.42,
                  0.42
                ],
                "y": [
                  1,
                  1,
                  1
                ]
              },
              "o": {
                "x": [
                  0.58,
                  0.58,
                  0.58
                ],
                "y": [
                  0,
                  0,
                  0
                ]
              },
              "t": 16,
              "s": [
                98.9,
                98.9,
                100
              ]
            },
            {
              "i": {
                "x": [
                  0.42,
                  0.42,
                  0.42
                ],
                "y": [
                  1,
                  1,
                  1
                ]
              },
              "o": {
                "x": [
                  0.167,
                  0.167,
                  0.167
                ],
                "y": [
                  0,
                  0,
                  0
                ]
              },
              "t": 22,
              "s": [
                100,
                100,
                100
              ]
            },
            {
              "i": {
                "x": [
                  0.833,
                  0.833,
                  0.833
                ],
                "y": [
                  1,
                  1,
                  1
                ]
              },
              "o": {
                "x": [
                  0.167,
                  0.167,
                  0.167
                ],
                "y": [
                  0,
                  0,
                  0
                ]
              },
              "t": 24,
              "s": [
                100,
                100,
                100
              ]
            },
            {
              "t": 47,
              "s": [
                100,
                100,
                100
              ]
            }
          ],
          "ix": 6
        }
      },
      "ao": 0,
      "ip": 0,
      "op": 41,
      "st": 0,
      "bm": 0
    },
    {
      "ddd": 0,
      "ind": 5,
      "ty": 4,
      "nm": "Light",
      "parent": 6,
      "sr": 1,
      "ks": {
        "o": {
          "a": 0,
          "k": 70,
          "ix": 11
        },
        "r": {
          "a": 0,
          "k": 0,
          "ix": 10
        },
        "p": {
          "a": 0,
          "k": [
            0,
            0,
            0
          ],
          "ix": 2
        },
        "a": {
          "a": 0,
          "k": [
            0,
            0,
            0
          ],
          "ix": 1
        },
        "s": {
          "a": 0,
          "k": [
            100,
            100,
            100
          ],
          "ix": 6
        }
      },
      "ao": 0,
      "shapes": [
        {
          "ty": "gr",
          "it": [
            {
              "d": 1,
              "ty": "el",
              "s": {
                "a": 0,
                "k": [
                  127.932,
                  127.932
                ],
                "ix": 2
              },
              "p": {
                "a": 0,
                "k": [
                  0,
                  0
                ],
                "ix": 3
              },
              "nm": "Ellipse Path 1",
              "mn": "ADBE Vector Shape - Ellipse",
              "hd": false
            },
            {
              "ty": "gf",
              "o": {
                "a": 0,
                "k": 100,
                "ix": 10
              },
              "r": 1,
              "bm": 0,
              "g": {
                "p": 3,
                "k": {
                  "a": 0,
                  "k": [
                    0,
                    1,
                    1,
                    1,
                    0.5,
                    1,
                    1,
                    1,
                    1,
                    1,
                    1,
                    1,
                    0,
                    1,
                    0.361,
                    0.5,
                    1,
                    0
                  ],
                  "ix": 9
                }
              },
              "s": {
                "a": 0,
                "k": [
                  0.744,
                  -64.67
                ],
                "ix": 5
              },
              "e": {
                "a": 0,
                "k": [
                  0.658,
                  -9.553
                ],
                "ix": 6
              },
              "t": 1,
              "nm": "Gradient Fill 1",
              "mn": "ADBE Vector Graphic - G-Fill",
              "hd": false
            },
            {
              "ty": "tr",
              "p": {
                "a": 0,
                "k": [
                  0,
                  -0.5
                ],
                "ix": 2
              },
              "a": {
                "a": 0,
                "k": [
                  0,
                  0
                ],
                "ix": 1
              },
              "s": {
                "a": 0,
                "k": [
                  100,
                  100
                ],
                "ix": 3
              },
              "r": {
                "a": 0,
                "k": 0,
                "ix": 6
              },
              "o": {
                "a": 0,
                "k": 100,
                "ix": 7
              },
              "sk": {
                "a": 0,
                "k": 0,
                "ix": 4
              },
              "sa": {
                "a": 0,
                "k": 0,
                "ix": 5
              },
              "nm": "Transform"
            }
          ],
          "nm": "Ellipse 2",
          "np": 3,
          "cix": 2,
          "bm": 0,
          "ix": 1,
          "mn": "ADBE Vector Group",
          "hd": false
        }
      ],
      "ip": 0,
      "op": 41,
      "st": 0,
      "bm": 16
    },
    {
      "ddd": 0,
      "ind": 6,
      "ty": 4,
      "nm": "Face",
      "parent": 2,
      "sr": 1,
      "ks": {
        "o": {
          "a": 0,
          "k": 100,
          "ix": 11
        },
        "r": {
          "a": 1,
          "k": [
            {
              "i": {
                "x": [
                  0.4
                ],
                "y": [
                  1
                ]
              },
              "o": {
                "x": [
                  0.6
                ],
                "y": [
                  0
                ]
              },
              "t": 0,
              "s": [
                0
              ]
            },
            {
              "i": {
                "x": [
                  0.4
                ],
                "y": [
                  1
                ]
              },
              "o": {
                "x": [
                  0.6
                ],
                "y": [
                  0
                ]
              },
              "t": 10,
              "s": [
                -3.5
              ]
            },
            {
              "i": {
                "x": [
                  0.4
                ],
                "y": [
                  1
                ]
              },
              "o": {
                "x": [
                  0.306
                ],
                "y": [
                  0
                ]
              },
              "t": 18,
              "s": [
                1
              ]
            },
            {
              "i": {
                "x": [
                  0.4
                ],
                "y": [
                  1
                ]
              },
              "o": {
                "x": [
                  0.167
                ],
                "y": [
                  0
                ]
              },
              "t": 24,
              "s": [
                0
              ]
            },
            {
              "t": 47,
              "s": [
                0
              ]
            }
          ],
          "ix": 10
        },
        "p": {
          "a": 1,
          "k": [
            {
              "i": {
                "x": 0.4,
                "y": 1
              },
              "o": {
                "x": 0.6,
                "y": 0
              },
              "t": 0,
              "s": [
                59.695,
                73.4,
                0
              ],
              "to": [
                0,
                0,
                0
              ],
              "ti": [
                0,
                0,
                0
              ]
            },
            {
              "i": {
                "x": 0.4,
                "y": 1
              },
              "o": {
                "x": 0.6,
                "y": 0
              },
              "t": 10,
              "s": [
                59.695,
                77.6,
                0
              ],
              "to": [
                0,
                0,
                0
              ],
              "ti": [
                0,
                0,
                0
              ]
            },
            {
              "i": {
                "x": 0.4,
                "y": 1
              },
              "o": {
                "x": 0.306,
                "y": 0
              },
              "t": 18,
              "s": [
                59.695,
                70.7,
                0
              ],
              "to": [
                0,
                0,
                0
              ],
              "ti": [
                0,
                0,
                0
              ]
            },
            {
              "i": {
                "x": 0.4,
                "y": 0.4
              },
              "o": {
                "x": 0.167,
                "y": 0.167
              },
              "t": 24,
              "s": [
                59.695,
                73.4,
                0
              ],
              "to": [
                0,
                0,
                0
              ],
              "ti": [
                0,
                0,
                0
              ]
            },
            {
              "t": 47,
              "s": [
                59.695,
                73.4,
                0
              ]
            }
          ],
          "ix": 2
        },
        "a": {
          "a": 0,
          "k": [
            0,
            0,
            0
          ],
          "ix": 1
        },
        "s": {
          "a": 0,
          "k": [
            100,
            100,
            100
          ],
          "ix": 6
        }
      },
      "ao": 0,
      "shapes": [
        {
          "ty": "gr",
          "it": [
            {
              "ty": "gr",
              "it": [
                {
                  "ty": "gr",
                  "it": [
                    {
                      "ind": 0,
                      "ty": "sh",
                      "ix": 1,
                      "ks": {
                        "a": 1,
                        "k": [
                          {
                            "i": {
                              "x": 0.833,
                              "y": 1
                            },
                            "o": {
                              "x": 0.167,
                              "y": 0
                            },
                            "t": 0,
                            "s": [
                              {
                                "i": [
                                  [
                                    3.013,
                                    -0.283
                                  ],
                                  [
                                    1.411,
                                    -3.83
                                  ],
                                  [
                                    -1.015,
                                    1.992
                                  ],
                                  [
                                    -6.731,
                                    1.082
                                  ]
                                ],
                                "o": [
                                  [
                                    -17.909,
                                    1.683
                                  ],
                                  [
                                    -0.841,
                                    2.284
                                  ],
                                  [
                                    3.125,
                                    -6.13
                                  ],
                                  [
                                    3.831,
                                    -0.616
                                  ]
                                ],
                                "v": [
                                  [
                                    -26.411,
                                    -32.66
                                  ],
                                  [
                                    -50.089,
                                    -12.347
                                  ],
                                  [
                                    -47.205,
                                    -10.905
                                  ],
                                  [
                                    -27.253,
                                    -28.453
                                  ]
                                ],
                                "c": true
                              }
                            ]
                          },
                          {
                            "i": {
                              "x": 0.292,
                              "y": 1
                            },
                            "o": {
                              "x": 0.515,
                              "y": 0
                            },
                            "t": 8,
                            "s": [
                              {
                                "i": [
                                  [
                                    3.013,
                                    -0.283
                                  ],
                                  [
                                    1.411,
                                    -3.83
                                  ],
                                  [
                                    -1.015,
                                    1.992
                                  ],
                                  [
                                    -6.731,
                                    1.082
                                  ]
                                ],
                                "o": [
                                  [
                                    -17.909,
                                    1.683
                                  ],
                                  [
                                    -0.841,
                                    2.284
                                  ],
                                  [
                                    3.125,
                                    -6.13
                                  ],
                                  [
                                    3.831,
                                    -0.616
                                  ]
                                ],
                                "v": [
                                  [
                                    -26.274,
                                    -26.16
                                  ],
                                  [
                                    -49.952,
                                    -5.847
                                  ],
                                  [
                                    -47.067,
                                    -4.405
                                  ],
                                  [
                                    -27.115,
                                    -21.953
                                  ]
                                ],
                                "c": true
                              }
                            ]
                          },
                          {
                            "i": {
                              "x": 0.292,
                              "y": 1
                            },
                            "o": {
                              "x": 0.167,
                              "y": 0
                            },
                            "t": 16,
                            "s": [
                              {
                                "i": [
                                  [
                                    3.013,
                                    -0.283
                                  ],
                                  [
                                    1.411,
                                    -3.83
                                  ],
                                  [
                                    -1.015,
                                    1.992
                                  ],
                                  [
                                    -6.731,
                                    1.082
                                  ]
                                ],
                                "o": [
                                  [
                                    -17.909,
                                    1.683
                                  ],
                                  [
                                    -0.841,
                                    2.284
                                  ],
                                  [
                                    3.125,
                                    -6.13
                                  ],
                                  [
                                    3.831,
                                    -0.616
                                  ]
                                ],
                                "v": [
                                  [
                                    -26.411,
                                    -32.66
                                  ],
                                  [
                                    -50.089,
                                    -12.347
                                  ],
                                  [
                                    -47.205,
                                    -10.905
                                  ],
                                  [
                                    -27.253,
                                    -28.453
                                  ]
                                ],
                                "c": true
                              }
                            ]
                          },
                          {
                            "t": 47,
                            "s": [
                              {
                                "i": [
                                  [
                                    3.013,
                                    -0.283
                                  ],
                                  [
                                    1.411,
                                    -3.83
                                  ],
                                  [
                                    -1.015,
                                    1.992
                                  ],
                                  [
                                    -6.731,
                                    1.082
                                  ]
                                ],
                                "o": [
                                  [
                                    -17.909,
                                    1.683
                                  ],
                                  [
                                    -0.841,
                                    2.284
                                  ],
                                  [
                                    3.125,
                                    -6.13
                                  ],
                                  [
                                    3.831,
                                    -0.616
                                  ]
                                ],
                                "v": [
                                  [
                                    -26.411,
                                    -32.66
                                  ],
                                  [
                                    -50.089,
                                    -12.347
                                  ],
                                  [
                                    -47.205,
                                    -10.905
                                  ],
                                  [
                                    -27.253,
                                    -28.453
                                  ]
                                ],
                                "c": true
                              }
                            ]
                          }
                        ],
                        "ix": 2
                      },
                      "nm": "Path 1",
                      "mn": "ADBE Vector Shape - Group",
                      "hd": false
                    },
                    {
                      "ind": 1,
                      "ty": "sh",
                      "ix": 2,
                      "ks": {
                        "a": 1,
                        "k": [
                          {
                            "i": {
                              "x": 0.261,
                              "y": 1
                            },
                            "o": {
                              "x": 0.535,
                              "y": 0
                            },
                            "t": 0,
                            "s": [
                              {
                                "i": [
                                  [
                                    2.316,
                                    1.948
                                  ],
                                  [
                                    3.836,
                                    -1.705
                                  ],
                                  [
                                    -2.184,
                                    0.477
                                  ],
                                  [
                                    -8.666,
                                    -5.437
                                  ]
                                ],
                                "o": [
                                  [
                                    -14.184,
                                    -11.926
                                  ],
                                  [
                                    -2.224,
                                    0.988
                                  ],
                                  [
                                    6.722,
                                    -1.467
                                  ],
                                  [
                                    2.809,
                                    1.762
                                  ]
                                ],
                                "v": [
                                  [
                                    52.169,
                                    -7.574
                                  ],
                                  [
                                    19.774,
                                    -13.67
                                  ],
                                  [
                                    20.339,
                                    -9.397
                                  ],
                                  [
                                    49.526,
                                    -4.563
                                  ]
                                ],
                                "c": true
                              }
                            ]
                          },
                          {
                            "i": {
                              "x": 0.19,
                              "y": 1
                            },
                            "o": {
                              "x": 0.603,
                              "y": 0
                            },
                            "t": 7,
                            "s": [
                              {
                                "i": [
                                  [
                                    1.642,
                                    2.542
                                  ],
                                  [
                                    5.581,
                                    -0.191
                                  ],
                                  [
                                    -2.21,
                                    -0.335
                                  ],
                                  [
                                    -5.857,
                                    -7.935
                                  ]
                                ],
                                "o": [
                                  [
                                    -9.809,
                                    -15.184
                                  ],
                                  [
                                    -2.432,
                                    0.083
                                  ],
                                  [
                                    6.803,
                                    1.031
                                  ],
                                  [
                                    1.969,
                                    2.668
                                  ]
                                ],
                                "v": [
                                  [
                                    48.987,
                                    -20.074
                                  ],
                                  [
                                    23.322,
                                    -35.609
                                  ],
                                  [
                                    22.108,
                                    -31.9
                                  ],
                                  [
                                    45.505,
                                    -18.718
                                  ]
                                ],
                                "c": true
                              }
                            ]
                          },
                          {
                            "i": {
                              "x": 0.417,
                              "y": 1
                            },
                            "o": {
                              "x": 0.58,
                              "y": 0
                            },
                            "t": 16,
                            "s": [
                              {
                                "i": [
                                  [
                                    2.316,
                                    1.948
                                  ],
                                  [
                                    3.836,
                                    -1.705
                                  ],
                                  [
                                    -2.184,
                                    0.477
                                  ],
                                  [
                                    -8.666,
                                    -5.437
                                  ]
                                ],
                                "o": [
                                  [
                                    -14.184,
                                    -11.926
                                  ],
                                  [
                                    -2.224,
                                    0.988
                                  ],
                                  [
                                    6.722,
                                    -1.467
                                  ],
                                  [
                                    2.809,
                                    1.762
                                  ]
                                ],
                                "v": [
                                  [
                                    52.085,
                                    -5.574
                                  ],
                                  [
                                    19.69,
                                    -11.67
                                  ],
                                  [
                                    20.256,
                                    -7.397
                                  ],
                                  [
                                    49.442,
                                    -2.563
                                  ]
                                ],
                                "c": true
                              }
                            ]
                          },
                          {
                            "i": {
                              "x": 0.417,
                              "y": 1
                            },
                            "o": {
                              "x": 0.167,
                              "y": 0
                            },
                            "t": 22,
                            "s": [
                              {
                                "i": [
                                  [
                                    2.316,
                                    1.948
                                  ],
                                  [
                                    3.836,
                                    -1.705
                                  ],
                                  [
                                    -2.184,
                                    0.477
                                  ],
                                  [
                                    -8.666,
                                    -5.437
                                  ]
                                ],
                                "o": [
                                  [
                                    -14.184,
                                    -11.926
                                  ],
                                  [
                                    -2.224,
                                    0.988
                                  ],
                                  [
                                    6.722,
                                    -1.467
                                  ],
                                  [
                                    2.809,
                                    1.762
                                  ]
                                ],
                                "v": [
                                  [
                                    52.169,
                                    -7.574
                                  ],
                                  [
                                    19.774,
                                    -13.67
                                  ],
                                  [
                                    20.339,
                                    -9.397
                                  ],
                                  [
                                    49.526,
                                    -4.563
                                  ]
                                ],
                                "c": true
                              }
                            ]
                          },
                          {
                            "t": 47,
                            "s": [
                              {
                                "i": [
                                  [
                                    2.316,
                                    1.948
                                  ],
                                  [
                                    3.836,
                                    -1.705
                                  ],
                                  [
                                    -2.184,
                                    0.477
                                  ],
                                  [
                                    -8.666,
                                    -5.437
                                  ]
                                ],
                                "o": [
                                  [
                                    -14.184,
                                    -11.926
                                  ],
                                  [
                                    -2.224,
                                    0.988
                                  ],
                                  [
                                    6.722,
                                    -1.467
                                  ],
                                  [
                                    2.809,
                                    1.762
                                  ]
                                ],
                                "v": [
                                  [
                                    52.169,
                                    -7.574
                                  ],
                                  [
                                    19.774,
                                    -13.67
                                  ],
                                  [
                                    20.339,
                                    -9.397
                                  ],
                                  [
                                    49.526,
                                    -4.563
                                  ]
                                ],
                                "c": true
                              }
                            ]
                          }
                        ],
                        "ix": 2
                      },
                      "nm": "Path 7",
                      "mn": "ADBE Vector Shape - Group",
                      "hd": false
                    },
                    {
                      "ind": 2,
                      "ty": "sh",
                      "ix": 3,
                      "ks": {
                        "a": 1,
                        "k": [
                          {
                            "i": {
                              "x": 0.261,
                              "y": 1
                            },
                            "o": {
                              "x": 0.517,
                              "y": 0
                            },
                            "t": 0,
                            "s": [
                              {
                                "i": [
                                  [
                                    6.812,
                                    0.197
                                  ],
                                  [
                                    -3.119,
                                    -6.157
                                  ],
                                  [
                                    -8.892,
                                    -0.051
                                  ],
                                  [
                                    -0.898,
                                    2.651
                                  ]
                                ],
                                "o": [
                                  [
                                    -6.048,
                                    -0.175
                                  ],
                                  [
                                    1.685,
                                    3.326
                                  ],
                                  [
                                    8.86,
                                    0.051
                                  ],
                                  [
                                    1.666,
                                    -4.914
                                  ]
                                ],
                                "v": [
                                  [
                                    26.711,
                                    2.442
                                  ],
                                  [
                                    11.55,
                                    11.799
                                  ],
                                  [
                                    27.002,
                                    11.551
                                  ],
                                  [
                                    41.134,
                                    11.349
                                  ]
                                ],
                                "c": true
                              }
                            ]
                          },
                          {
                            "i": {
                              "x": 0.19,
                              "y": 1
                            },
                            "o": {
                              "x": 0.603,
                              "y": 0
                            },
                            "t": 6,
                            "s": [
                              {
                                "i": [
                                  [
                                    5.466,
                                    0.088
                                  ],
                                  [
                                    0.128,
                                    -7.188
                                  ],
                                  [
                                    -6.726,
                                    -0.146
                                  ],
                                  [
                                    0.106,
                                    5.399
                                  ]
                                ],
                                "o": [
                                  [
                                    -6.544,
                                    -0.105
                                  ],
                                  [
                                    -0.07,
                                    3.91
                                  ],
                                  [
                                    6.543,
                                    0.142
                                  ],
                                  [
                                    -0.132,
                                    -6.704
                                  ]
                                ],
                                "v": [
                                  [
                                    23.029,
                                    -15.27
                                  ],
                                  [
                                    14.732,
                                    1.657
                                  ],
                                  [
                                    22.524,
                                    18.049
                                  ],
                                  [
                                    30.754,
                                    1.334
                                  ]
                                ],
                                "c": true
                              }
                            ]
                          },
                          {
                            "i": {
                              "x": 0.417,
                              "y": 1
                            },
                            "o": {
                              "x": 0.58,
                              "y": 0
                            },
                            "t": 15,
                            "s": [
                              {
                                "i": [
                                  [
                                    6.812,
                                    0.197
                                  ],
                                  [
                                    -3.119,
                                    -6.157
                                  ],
                                  [
                                    -8.892,
                                    -0.051
                                  ],
                                  [
                                    -0.898,
                                    2.651
                                  ]
                                ],
                                "o": [
                                  [
                                    -6.048,
                                    -0.175
                                  ],
                                  [
                                    1.685,
                                    3.326
                                  ],
                                  [
                                    8.86,
                                    0.051
                                  ],
                                  [
                                    1.666,
                                    -4.914
                                  ]
                                ],
                                "v": [
                                  [
                                    26.813,
                                    6.942
                                  ],
                                  [
                                    11.55,
                                    13.549
                                  ],
                                  [
                                    27.002,
                                    13.301
                                  ],
                                  [
                                    41.134,
                                    13.099
                                  ]
                                ],
                                "c": true
                              }
                            ]
                          },
                          {
                            "i": {
                              "x": 0.417,
                              "y": 1
                            },
                            "o": {
                              "x": 0.167,
                              "y": 0
                            },
                            "t": 21,
                            "s": [
                              {
                                "i": [
                                  [
                                    6.812,
                                    0.197
                                  ],
                                  [
                                    -3.119,
                                    -6.157
                                  ],
                                  [
                                    -8.892,
                                    -0.051
                                  ],
                                  [
                                    -0.898,
                                    2.651
                                  ]
                                ],
                                "o": [
                                  [
                                    -6.048,
                                    -0.175
                                  ],
                                  [
                                    1.685,
                                    3.326
                                  ],
                                  [
                                    8.86,
                                    0.051
                                  ],
                                  [
                                    1.666,
                                    -4.914
                                  ]
                                ],
                                "v": [
                                  [
                                    26.711,
                                    2.442
                                  ],
                                  [
                                    11.55,
                                    11.799
                                  ],
                                  [
                                    27.002,
                                    11.551
                                  ],
                                  [
                                    41.134,
                                    11.349
                                  ]
                                ],
                                "c": true
                              }
                            ]
                          },
                          {
                            "t": 47,
                            "s": [
                              {
                                "i": [
                                  [
                                    6.812,
                                    0.197
                                  ],
                                  [
                                    -3.119,
                                    -6.157
                                  ],
                                  [
                                    -8.892,
                                    -0.051
                                  ],
                                  [
                                    -0.898,
                                    2.651
                                  ]
                                ],
                                "o": [
                                  [
                                    -6.048,
                                    -0.175
                                  ],
                                  [
                                    1.685,
                                    3.326
                                  ],
                                  [
                                    8.86,
                                    0.051
                                  ],
                                  [
                                    1.666,
                                    -4.914
                                  ]
                                ],
                                "v": [
                                  [
                                    26.711,
                                    2.442
                                  ],
                                  [
                                    11.55,
                                    11.799
                                  ],
                                  [
                                    27.002,
                                    11.551
                                  ],
                                  [
                                    41.134,
                                    11.349
                                  ]
                                ],
                                "c": true
                              }
                            ]
                          }
                        ],
                        "ix": 2
                      },
                      "nm": "Path 6",
                      "mn": "ADBE Vector Shape - Group",
                      "hd": false
                    },
                    {
                      "ind": 3,
                      "ty": "sh",
                      "ix": 4,
                      "ks": {
                        "a": 1,
                        "k": [
                          {
                            "i": {
                              "x": 0.465,
                              "y": 1
                            },
                            "o": {
                              "x": 0.167,
                              "y": 0
                            },
                            "t": 0,
                            "s": [
                              {
                                "i": [
                                  [
                                    5.466,
                                    0.068
                                  ],
                                  [
                                    0.128,
                                    -5.568
                                  ],
                                  [
                                    -6.726,
                                    -0.113
                                  ],
                                  [
                                    0.106,
                                    4.182
                                  ]
                                ],
                                "o": [
                                  [
                                    -6.544,
                                    -0.082
                                  ],
                                  [
                                    -0.07,
                                    3.029
                                  ],
                                  [
                                    6.543,
                                    0.11
                                  ],
                                  [
                                    -0.132,
                                    -5.193
                                  ]
                                ],
                                "v": [
                                  [
                                    -21.471,
                                    -7.918
                                  ],
                                  [
                                    -29.768,
                                    5.193
                                  ],
                                  [
                                    -21.976,
                                    17.89
                                  ],
                                  [
                                    -13.746,
                                    4.943
                                  ]
                                ],
                                "c": true
                              }
                            ]
                          },
                          {
                            "i": {
                              "x": 0.214,
                              "y": 1
                            },
                            "o": {
                              "x": 0.4,
                              "y": 0
                            },
                            "t": 8,
                            "s": [
                              {
                                "i": [
                                  [
                                    5.466,
                                    0.059
                                  ],
                                  [
                                    0.128,
                                    -4.791
                                  ],
                                  [
                                    -6.726,
                                    -0.097
                                  ],
                                  [
                                    0.106,
                                    3.599
                                  ]
                                ],
                                "o": [
                                  [
                                    -6.544,
                                    -0.07
                                  ],
                                  [
                                    -0.07,
                                    2.607
                                  ],
                                  [
                                    6.543,
                                    0.094
                                  ],
                                  [
                                    -0.132,
                                    -4.469
                                  ]
                                ],
                                "v": [
                                  [
                                    -21.471,
                                    -4.305
                                  ],
                                  [
                                    -29.768,
                                    6.978
                                  ],
                                  [
                                    -21.976,
                                    17.906
                                  ],
                                  [
                                    -13.746,
                                    6.763
                                  ]
                                ],
                                "c": true
                              }
                            ]
                          },
                          {
                            "i": {
                              "x": 0.214,
                              "y": 1
                            },
                            "o": {
                              "x": 0.167,
                              "y": 0
                            },
                            "t": 16,
                            "s": [
                              {
                                "i": [
                                  [
                                    5.466,
                                    0.068
                                  ],
                                  [
                                    0.128,
                                    -5.568
                                  ],
                                  [
                                    -6.726,
                                    -0.113
                                  ],
                                  [
                                    0.106,
                                    4.182
                                  ]
                                ],
                                "o": [
                                  [
                                    -6.544,
                                    -0.082
                                  ],
                                  [
                                    -0.07,
                                    3.029
                                  ],
                                  [
                                    6.543,
                                    0.11
                                  ],
                                  [
                                    -0.132,
                                    -5.193
                                  ]
                                ],
                                "v": [
                                  [
                                    -21.471,
                                    -7.918
                                  ],
                                  [
                                    -29.768,
                                    5.193
                                  ],
                                  [
                                    -21.976,
                                    17.89
                                  ],
                                  [
                                    -13.746,
                                    4.943
                                  ]
                                ],
                                "c": true
                              }
                            ]
                          },
                          {
                            "t": 47,
                            "s": [
                              {
                                "i": [
                                  [
                                    5.466,
                                    0.068
                                  ],
                                  [
                                    0.128,
                                    -5.568
                                  ],
                                  [
                                    -6.726,
                                    -0.113
                                  ],
                                  [
                                    0.106,
                                    4.182
                                  ]
                                ],
                                "o": [
                                  [
                                    -6.544,
                                    -0.082
                                  ],
                                  [
                                    -0.07,
                                    3.029
                                  ],
                                  [
                                    6.543,
                                    0.11
                                  ],
                                  [
                                    -0.132,
                                    -5.193
                                  ]
                                ],
                                "v": [
                                  [
                                    -21.471,
                                    -7.918
                                  ],
                                  [
                                    -29.768,
                                    5.193
                                  ],
                                  [
                                    -21.976,
                                    17.89
                                  ],
                                  [
                                    -13.746,
                                    4.943
                                  ]
                                ],
                                "c": true
                              }
                            ]
                          }
                        ],
                        "ix": 2
                      },
                      "nm": "Path 5",
                      "mn": "ADBE Vector Shape - Group",
                      "hd": false
                    },
                    {
                      "ty": "tr",
                      "p": {
                        "a": 0,
                        "k": [
                          -0.63,
                          -14.723
                        ],
                        "ix": 2
                      },
                      "a": {
                        "a": 0,
                        "k": [
                          -0.63,
                          -30.245
                        ],
                        "ix": 1
                      },
                      "s": {
                        "a": 0,
                        "k": [
                          100,
                          100
                        ],
                        "ix": 3
                      },
                      "r": {
                        "a": 0,
                        "k": 0,
                        "ix": 6
                      },
                      "o": {
                        "a": 0,
                        "k": 100,
                        "ix": 7
                      },
                      "sk": {
                        "a": 0,
                        "k": 0,
                        "ix": 4
                      },
                      "sa": {
                        "a": 0,
                        "k": 0,
                        "ix": 5
                      },
                      "nm": "Transform"
                    }
                  ],
                  "nm": "Group 2",
                  "np": 4,
                  "cix": 2,
                  "bm": 0,
                  "ix": 1,
                  "mn": "ADBE Vector Group",
                  "hd": false
                },
                {
                  "ty": "gr",
                  "it": [
                    {
                      "ind": 0,
                      "ty": "sh",
                      "ix": 1,
                      "ks": {
                        "a": 0,
                        "k": {
                          "i": [
                            [
                              11.804,
                              0.11
                            ],
                            [
                              -1.939,
                              -4.371
                            ],
                            [
                              -8.037,
                              -0.084
                            ],
                            [
                              -3.819,
                              10.213
                            ]
                          ],
                          "o": [
                            [
                              -11.981,
                              -0.111
                            ],
                            [
                              3.253,
                              7.334
                            ],
                            [
                              8.095,
                              0.085
                            ],
                            [
                              0.94,
                              -2.514
                            ]
                          ],
                          "v": [
                            [
                              -0.247,
                              57.136
                            ],
                            [
                              -20.088,
                              53.433
                            ],
                            [
                              -0.605,
                              66.707
                            ],
                            [
                              20.033,
                              52.047
                            ]
                          ],
                          "c": true
                        },
                        "ix": 2
                      },
                      "nm": "Path 2",
                      "mn": "ADBE Vector Shape - Group",
                      "hd": false
                    },
                    {
                      "ty": "tr",
                      "p": {
                        "a": 0,
                        "k": [
                          -0.549,
                          35.907
                        ],
                        "ix": 2
                      },
                      "a": {
                        "a": 0,
                        "k": [
                          -0.549,
                          39.145
                        ],
                        "ix": 1
                      },
                      "s": {
                        "a": 0,
                        "k": [
                          104.6,
                          114.6
                        ],
                        "ix": 3
                      },
                      "r": {
                        "a": 0,
                        "k": 0,
                        "ix": 6
                      },
                      "o": {
                        "a": 0,
                        "k": 100,
                        "ix": 7
                      },
                      "sk": {
                        "a": 0,
                        "k": 0,
                        "ix": 4
                      },
                      "sa": {
                        "a": 0,
                        "k": 0,
                        "ix": 5
                      },
                      "nm": "Transform"
                    }
                  ],
                  "nm": "Group 1",
                  "np": 1,
                  "cix": 2,
                  "bm": 0,
                  "ix": 2,
                  "mn": "ADBE Vector Group",
                  "hd": false
                },
                {
                  "ty": "tr",
                  "p": {
                    "a": 0,
                    "k": [
                      -0.549,
                      16.288
                    ],
                    "ix": 2,
                    "x": "var $bm_rt;\n$bm_rt = $bm_sum(value, $bm_div(thisComp.layer('Face CONTROL').transform.position, 3.33));"
                  },
                  "a": {
                    "a": 0,
                    "k": [
                      -0.549,
                      16.288
                    ],
                    "ix": 1
                  },
                  "s": {
                    "a": 0,
                    "k": [
                      100,
                      100
                    ],
                    "ix": 3,
                    "x": "var $bm_rt;\n$bm_rt = $bm_sub($bm_sum(value, thisComp.layer('Face CONTROL').transform.scale), [\n    100,\n    100\n]);"
                  },
                  "r": {
                    "a": 0,
                    "k": 0,
                    "ix": 6,
                    "x": "var $bm_rt;\n$bm_rt = $bm_sum(value, thisComp.layer('Face CONTROL').transform.rotation);"
                  },
                  "o": {
                    "a": 0,
                    "k": 100,
                    "ix": 7
                  },
                  "sk": {
                    "a": 0,
                    "k": 0,
                    "ix": 4
                  },
                  "sa": {
                    "a": 0,
                    "k": 0,
                    "ix": 5
                  },
                  "nm": "Transform"
                }
              ],
              "nm": "Group 1",
              "np": 2,
              "cix": 2,
              "bm": 0,
              "ix": 1,
              "mn": "ADBE Vector Group",
              "hd": false
            },
            {
              "ind": 1,
              "ty": "sh",
              "ix": 2,
              "ks": {
                "a": 0,
                "k": {
                  "i": [
                    [
                      -39.994,
                      0
                    ],
                    [
                      0,
                      -39.994
                    ],
                    [
                      39.994,
                      0
                    ],
                    [
                      0,
                      39.994
                    ]
                  ],
                  "o": [
                    [
                      39.994,
                      0
                    ],
                    [
                      0,
                      39.994
                    ],
                    [
                      -39.994,
                      0
                    ],
                    [
                      0,
                      -39.994
                    ]
                  ],
                  "v": [
                    [
                      0,
                      -72.416
                    ],
                    [
                      72.416,
                      0
                    ],
                    [
                      0,
                      72.416
                    ],
                    [
                      -72.416,
                      0
                    ]
                  ],
                  "c": true
                },
                "ix": 2
              },
              "nm": "Path 1",
              "mn": "ADBE Vector Shape - Group",
              "hd": false
            },
            {
              "ty": "gf",
              "o": {
                "a": 0,
                "k": 100,
                "ix": 10
              },
              "r": 1,
              "bm": 0,
              "g": {
                "p": 3,
                "k": {
                  "a": 0,
                  "k": [
                    0.662,
                    1,
                    0.843,
                    0.212,
                    0.857,
                    0.904,
                    0.641,
                    0.114,
                    0.982,
                    0.808,
                    0.439,
                    0.016
                  ],
                  "ix": 9
                }
              },
              "s": {
                "a": 0,
                "k": [
                  0.744,
                  -13.84
                ],
                "ix": 5
              },
              "e": {
                "a": 0,
                "k": [
                  0.658,
                  65.297
                ],
                "ix": 6
              },
              "t": 2,
              "h": {
                "a": 0,
                "k": 0,
                "ix": 7
              },
              "a": {
                "a": 0,
                "k": 0,
                "ix": 8
              },
              "nm": "123",
              "mn": "ADBE Vector Graphic - G-Fill",
              "hd": false
            },
            {
              "ty": "tr",
              "p": {
                "a": 0,
                "k": [
                  0.666,
                  -1.301
                ],
                "ix": 2
              },
              "a": {
                "a": 0,
                "k": [
                  0.666,
                  -0.801
                ],
                "ix": 1
              },
              "s": {
                "a": 0,
                "k": [
                  100,
                  100
                ],
                "ix": 3
              },
              "r": {
                "a": 0,
                "k": 0,
                "ix": 6
              },
              "o": {
                "a": 0,
                "k": 100,
                "ix": 7
              },
              "sk": {
                "a": 0,
                "k": 0,
                "ix": 4
              },
              "sa": {
                "a": 0,
                "k": 0,
                "ix": 5
              },
              "nm": "Transform"
            }
          ],
          "nm": "Ellipse 1",
          "np": 3,
          "cix": 2,
          "bm": 0,
          "ix": 1,
          "mn": "ADBE Vector Group",
          "hd": false
        }
      ],
      "ip": 0,
      "op": 41,
      "st": 0,
      "bm": 0
    },
    {
      "ddd": 0,
      "ind": 7,
      "ty": 4,
      "nm": "Dark_Base",
      "parent": 6,
      "sr": 1,
      "ks": {
        "o": {
          "a": 0,
          "k": 100,
          "ix": 11
        },
        "r": {
          "a": 0,
          "k": 0,
          "ix": 10
        },
        "p": {
          "a": 0,
          "k": [
            0,
            0,
            0
          ],
          "ix": 2
        },
        "a": {
          "a": 0,
          "k": [
            0,
            0,
            0
          ],
          "ix": 1
        },
        "s": {
          "a": 0,
          "k": [
            100,
            100,
            100
          ],
          "ix": 6
        }
      },
      "ao": 0,
      "shapes": [
        {
          "ty": "gr",
          "it": [
            {
              "ind": 0,
              "ty": "sh",
              "ix": 1,
              "ks": {
                "a": 0,
                "k": {
                  "i": [
                    [
                      -39.994,
                      0
                    ],
                    [
                      0,
                      -39.994
                    ],
                    [
                      39.994,
                      0
                    ],
                    [
                      0,
                      39.994
                    ]
                  ],
                  "o": [
                    [
                      39.994,
                      0
                    ],
                    [
                      0,
                      39.994
                    ],
                    [
                      -39.994,
                      0
                    ],
                    [
                      0,
                      -39.994
                    ]
                  ],
                  "v": [
                    [
                      0,
                      -72.416
                    ],
                    [
                      72.416,
                      0
                    ],
                    [
                      0,
                      72.416
                    ],
                    [
                      -72.416,
                      0
                    ]
                  ],
                  "c": true
                },
                "ix": 2
              },
              "nm": "Path 1",
              "mn": "ADBE Vector Shape - Group",
              "hd": false
            },
            {
              "ty": "fl",
              "c": {
                "a": 0,
                "k": [
                  0.341176470588,
                  0.160784313725,
                  0.027450980392,
                  1
                ],
                "ix": 4
              },
              "o": {
                "a": 0,
                "k": 100,
                "ix": 5
              },
              "r": 1,
              "bm": 0,
              "nm": "Fill 1",
              "mn": "ADBE Vector Graphic - Fill",
              "hd": false
            },
            {
              "ty": "tr",
              "p": {
                "a": 0,
                "k": [
                  0,
                  -0.5
                ],
                "ix": 2
              },
              "a": {
                "a": 0,
                "k": [
                  0,
                  0
                ],
                "ix": 1
              },
              "s": {
                "a": 0,
                "k": [
                  100,
                  100
                ],
                "ix": 3
              },
              "r": {
                "a": 0,
                "k": 0,
                "ix": 6
              },
              "o": {
                "a": 0,
                "k": 100,
                "ix": 7
              },
              "sk": {
                "a": 0,
                "k": 0,
                "ix": 4
              },
              "sa": {
                "a": 0,
                "k": 0,
                "ix": 5
              },
              "nm": "Transform"
            }
          ],
          "nm": "Ellipse 1",
          "np": 3,
          "cix": 2,
          "bm": 0,
          "ix": 1,
          "mn": "ADBE Vector Group",
          "hd": false
        }
      ],
      "ip": 0,
      "op": 41,
      "st": 0,
      "bm": 0
    },
    {
      "ddd": 0,
      "ind": 8,
      "ty": 3,
      "nm": "Zero_Face CONTROL",
      "parent": 6,
      "sr": 1,
      "ks": {
        "o": {
          "a": 0,
          "k": 0,
          "ix": 11
        },
        "r": {
          "a": 0,
          "k": 0,
          "ix": 10
        },
        "p": {
          "a": 0,
          "k": [
            -0.479,
            15.9,
            0
          ],
          "ix": 2
        },
        "a": {
          "a": 0,
          "k": [
            0,
            0,
            0
          ],
          "ix": 1
        },
        "s": {
          "a": 0,
          "k": [
            30,
            30,
            100
          ],
          "ix": 6
        }
      },
      "ao": 0,
      "ip": 0,
      "op": 41,
      "st": 0,
      "bm": 0
    }
  ],
  "markers": [
    {
      "tm": 40,
      "cm": "1",
      "dr": 0
    }
  ]
}