{
  "nm": "Get notifications",
  "ddd": 0,
  "h": 72,
  "w": 72,
  "meta": {
    "g": "@lottiefiles/toolkit-js 0.33.2"
  },
  "layers": [
    {
      "ty": 4,
      "nm": "circle 1",
      "sr": 1,
      "st": 0,
      "op": 90.0000036657751,
      "ip": 0,
      "hd": false,
      "ddd": 0,
      "bm": 0,
      "hasMask": false,
      "ao": 0,
      "ks": {
        "a": {
          "a": 0,
          "k": [
            36,
            36,
            0
          ],
          "ix": 1
        },
        "s": {
          "a": 1,
          "k": [
            {
              "o": {
                "x": 0.167,
                "y": 0
              },
              "i": {
                "x": 0.667,
                "y": 1
              },
              "s": [
                52,
                52,
                100
              ],
              "t": 0
            },
            {
              "o": {
                "x": 0.333,
                "y": 0
              },
              "i": {
                "x": 0.667,
                "y": 1
              },
              "s": [
                52,
                52,
                100
              ],
              "t": 25
            },
            {
              "s": [
                100,
                100,
                100
              ],
              "t": 55.0000022401959
            }
          ],
          "ix": 6
        },
        "sk": {
          "a": 0,
          "k": 0
        },
        "p": {
          "a": 0,
          "k": [
            36,
            36,
            0
          ],
          "ix": 2
        },
        "r": {
          "a": 0,
          "k": 0,
          "ix": 10
        },
        "sa": {
          "a": 0,
          "k": 0
        },
        "o": {
          "a": 1,
          "k": [
            {
              "o": {
                "x": 0.167,
                "y": 0
              },
              "i": {
                "x": 0.667,
                "y": 1
              },
              "s": [
                50
              ],
              "t": 0
            },
            {
              "o": {
                "x": 0.333,
                "y": 0
              },
              "i": {
                "x": 0.667,
                "y": 1
              },
              "s": [
                50
              ],
              "t": 21
            },
            {
              "o": {
                "x": 0.333,
                "y": 0
              },
              "i": {
                "x": 0.667,
                "y": 1
              },
              "s": [
                50
              ],
              "t": 45
            },
            {
              "s": [
                0
              ],
              "t": 55.0000022401959
            }
          ],
          "ix": 11
        }
      },
      "ef": [],
      "shapes": [
        {
          "ty": "gr",
          "bm": 0,
          "hd": false,
          "mn": "ADBE Vector Group",
          "nm": "Group 1",
          "ix": 1,
          "cix": 2,
          "np": 2,
          "it": [
            {
              "ty": "sh",
              "bm": 0,
              "hd": false,
              "mn": "ADBE Vector Shape - Group",
              "nm": "Path 1",
              "ix": 1,
              "d": 1,
              "ks": {
                "a": 0,
                "k": {
                  "c": true,
                  "i": [
                    [
                      -19.606,
                      0
                    ],
                    [
                      0,
                      0
                    ],
                    [
                      0,
                      -19.606
                    ],
                    [
                      19.606,
                      0
                    ],
                    [
                      0,
                      19.606
                    ]
                  ],
                  "o": [
                    [
                      0,
                      0
                    ],
                    [
                      19.606,
                      0
                    ],
                    [
                      0,
                      19.606
                    ],
                    [
                      -19.606,
                      0
                    ],
                    [
                      0,
                      -19.606
                    ]
                  ],
                  "v": [
                    [
                      0,
                      -35.5
                    ],
                    [
                      0,
                      -35.5
                    ],
                    [
                      35.5,
                      0
                    ],
                    [
                      0,
                      35.5
                    ],
                    [
                      -35.5,
                      0
                    ]
                  ]
                },
                "ix": 2
              }
            },
            {
              "ty": "st",
              "bm": 0,
              "hd": false,
              "mn": "ADBE Vector Graphic - Stroke",
              "nm": "Stroke 1",
              "lc": 1,
              "lj": 1,
              "ml": 4,
              "o": {
                "a": 0,
                "k": 100,
                "ix": 4
              },
              "w": {
                "a": 0,
                "k": 2,
                "ix": 5
              },
              "c": {
                "a": 0,
                "k": [
                  1,
                  0.9686,
                  0.8863
                ],
                "ix": 3
              }
            },
            {
              "ty": "tr",
              "a": {
                "a": 0,
                "k": [
                  0,
                  0
                ],
                "ix": 1
              },
              "s": {
                "a": 0,
                "k": [
                  100,
                  100
                ],
                "ix": 3
              },
              "sk": {
                "a": 0,
                "k": 0,
                "ix": 4
              },
              "p": {
                "a": 0,
                "k": [
                  36,
                  36
                ],
                "ix": 2
              },
              "r": {
                "a": 0,
                "k": 0,
                "ix": 6
              },
              "sa": {
                "a": 0,
                "k": 0,
                "ix": 5
              },
              "o": {
                "a": 0,
                "k": 100,
                "ix": 7
              }
            }
          ]
        }
      ],
      "ind": 1
    },
    {
      "ty": 4,
      "nm": "circle 2",
      "sr": 1,
      "st": 0,
      "op": 90.0000036657751,
      "ip": 0,
      "hd": false,
      "ddd": 0,
      "bm": 0,
      "hasMask": false,
      "ao": 0,
      "ks": {
        "a": {
          "a": 0,
          "k": [
            36,
            36,
            0
          ],
          "ix": 1
        },
        "s": {
          "a": 1,
          "k": [
            {
              "o": {
                "x": 0.167,
                "y": 0.167
              },
              "i": {
                "x": 0.833,
                "y": 0.833
              },
              "s": [
                71,
                71,
                100
              ],
              "t": 0
            },
            {
              "o": {
                "x": 0.333,
                "y": 0
              },
              "i": {
                "x": 0.667,
                "y": 1
              },
              "s": [
                71,
                71,
                100
              ],
              "t": 30
            },
            {
              "s": [
                139,
                139,
                100
              ],
              "t": 74.0000030140818
            }
          ],
          "ix": 6
        },
        "sk": {
          "a": 0,
          "k": 0
        },
        "p": {
          "a": 0,
          "k": [
            36,
            36,
            0
          ],
          "ix": 2
        },
        "r": {
          "a": 0,
          "k": 0,
          "ix": 10
        },
        "sa": {
          "a": 0,
          "k": 0
        },
        "o": {
          "a": 1,
          "k": [
            {
              "o": {
                "x": 0.177,
                "y": 0
              },
              "i": {
                "x": 0.568,
                "y": -14.438
              },
              "s": [
                50
              ],
              "t": 0
            },
            {
              "o": {
                "x": 0.392,
                "y": 29.971
              },
              "i": {
                "x": 0.84,
                "y": 1
              },
              "s": [
                50
              ],
              "t": 21
            },
            {
              "o": {
                "x": 0.333,
                "y": 0
              },
              "i": {
                "x": 0.667,
                "y": 1
              },
              "s": [
                50
              ],
              "t": 66
            },
            {
              "s": [
                0
              ],
              "t": 74.0000030140818
            }
          ],
          "ix": 11
        }
      },
      "ef": [],
      "shapes": [
        {
          "ty": "gr",
          "bm": 0,
          "hd": false,
          "mn": "ADBE Vector Group",
          "nm": "Group 1",
          "ix": 1,
          "cix": 2,
          "np": 2,
          "it": [
            {
              "ty": "sh",
              "bm": 0,
              "hd": false,
              "mn": "ADBE Vector Shape - Group",
              "nm": "Path 1",
              "ix": 1,
              "d": 1,
              "ks": {
                "a": 0,
                "k": {
                  "c": true,
                  "i": [
                    [
                      -14.083,
                      0
                    ],
                    [
                      0,
                      0
                    ],
                    [
                      0,
                      -14.083
                    ],
                    [
                      14.083,
                      0
                    ],
                    [
                      0,
                      14.083
                    ]
                  ],
                  "o": [
                    [
                      0,
                      0
                    ],
                    [
                      14.083,
                      0
                    ],
                    [
                      0,
                      14.083
                    ],
                    [
                      -14.083,
                      0
                    ],
                    [
                      0,
                      -14.083
                    ]
                  ],
                  "v": [
                    [
                      0,
                      -25.5
                    ],
                    [
                      0,
                      -25.5
                    ],
                    [
                      25.5,
                      0
                    ],
                    [
                      0,
                      25.5
                    ],
                    [
                      -25.5,
                      0
                    ]
                  ]
                },
                "ix": 2
              }
            },
            {
              "ty": "st",
              "bm": 0,
              "hd": false,
              "mn": "ADBE Vector Graphic - Stroke",
              "nm": "Stroke 1",
              "lc": 1,
              "lj": 1,
              "ml": 4,
              "o": {
                "a": 0,
                "k": 100,
                "ix": 4
              },
              "w": {
                "a": 0,
                "k": 2,
                "ix": 5
              },
              "c": {
                "a": 0,
                "k": [
                  1,
                  0.9686,
                  0.8863
                ],
                "ix": 3
              }
            },
            {
              "ty": "tr",
              "a": {
                "a": 0,
                "k": [
                  0,
                  0
                ],
                "ix": 1
              },
              "s": {
                "a": 0,
                "k": [
                  100,
                  100
                ],
                "ix": 3
              },
              "sk": {
                "a": 0,
                "k": 0,
                "ix": 4
              },
              "p": {
                "a": 0,
                "k": [
                  36,
                  36
                ],
                "ix": 2
              },
              "r": {
                "a": 0,
                "k": 0,
                "ix": 6
              },
              "sa": {
                "a": 0,
                "k": 0,
                "ix": 5
              },
              "o": {
                "a": 0,
                "k": 100,
                "ix": 7
              }
            }
          ]
        }
      ],
      "ind": 2
    },
    {
      "ty": 4,
      "nm": "bell",
      "sr": 1,
      "st": 0,
      "op": 90.0000036657751,
      "ip": 0,
      "hd": false,
      "ddd": 0,
      "bm": 0,
      "hasMask": false,
      "ao": 0,
      "ks": {
        "a": {
          "a": 0,
          "k": [
            36,
            33.75,
            0
          ],
          "ix": 1
        },
        "s": {
          "a": 0,
          "k": [
            100,
            100,
            100
          ],
          "ix": 6
        },
        "sk": {
          "a": 0,
          "k": 0
        },
        "p": {
          "a": 0,
          "k": [
            36,
            33,
            0
          ],
          "ix": 2
        },
        "r": {
          "a": 1,
          "k": [
            {
              "o": {
                "x": 0.167,
                "y": 0
              },
              "i": {
                "x": 0.833,
                "y": 1
              },
              "s": [
                0
              ],
              "t": 14
            },
            {
              "o": {
                "x": 0.167,
                "y": 0
              },
              "i": {
                "x": 0.833,
                "y": 1
              },
              "s": [
                -1
              ],
              "t": 16
            },
            {
              "o": {
                "x": 0.333,
                "y": 0
              },
              "i": {
                "x": 0.667,
                "y": 1
              },
              "s": [
                0
              ],
              "t": 18
            },
            {
              "o": {
                "x": 0.333,
                "y": 0
              },
              "i": {
                "x": 0.667,
                "y": 1
              },
              "s": [
                9
              ],
              "t": 21
            },
            {
              "o": {
                "x": 0.333,
                "y": 0
              },
              "i": {
                "x": 0.667,
                "y": 1
              },
              "s": [
                -9
              ],
              "t": 25
            },
            {
              "o": {
                "x": 0.167,
                "y": 0
              },
              "i": {
                "x": 0.833,
                "y": 1
              },
              "s": [
                0
              ],
              "t": 29
            },
            {
              "o": {
                "x": 0.167,
                "y": 0
              },
              "i": {
                "x": 0.833,
                "y": 1
              },
              "s": [
                3
              ],
              "t": 32
            },
            {
              "s": [
                0
              ],
              "t": 35.0000014255792
            }
          ],
          "ix": 10
        },
        "sa": {
          "a": 0,
          "k": 0
        },
        "o": {
          "a": 0,
          "k": 100,
          "ix": 11
        }
      },
      "ef": [],
      "shapes": [
        {
          "ty": "gr",
          "bm": 0,
          "hd": false,
          "mn": "ADBE Vector Group",
          "nm": "Group 1",
          "ix": 1,
          "cix": 2,
          "np": 4,
          "it": [
            {
              "ty": "sh",
              "bm": 0,
              "hd": false,
              "mn": "ADBE Vector Shape - Group",
              "nm": "Path 1",
              "ix": 1,
              "d": 1,
              "ks": {
                "a": 0,
                "k": {
                  "c": true,
                  "i": [
                    [
                      -0.517,
                      0
                    ],
                    [
                      -0.058,
                      -0.059
                    ],
                    [
                      0,
                      -0.083
                    ],
                    [
                      0.059,
                      -0.058
                    ],
                    [
                      0.083,
                      0
                    ],
                    [
                      0,
                      0.861
                    ],
                    [
                      0,
                      0
                    ]
                  ],
                  "o": [
                    [
                      0.083,
                      0
                    ],
                    [
                      0.059,
                      0.058
                    ],
                    [
                      0,
                      0.084
                    ],
                    [
                      -0.058,
                      0.059
                    ],
                    [
                      -0.861,
                      0
                    ],
                    [
                      0,
                      0
                    ],
                    [
                      0,
                      0.516
                    ]
                  ],
                  "v": [
                    [
                      -0.001,
                      8.438
                    ],
                    [
                      0.219,
                      8.53
                    ],
                    [
                      0.311,
                      8.749
                    ],
                    [
                      0.219,
                      8.971
                    ],
                    [
                      -0.001,
                      9.062
                    ],
                    [
                      -1.564,
                      7.501
                    ],
                    [
                      -0.939,
                      7.501
                    ]
                  ]
                },
                "ix": 2
              }
            },
            {
              "ty": "sh",
              "bm": 0,
              "hd": false,
              "mn": "ADBE Vector Shape - Group",
              "nm": "Path 2",
              "ix": 2,
              "d": 1,
              "ks": {
                "a": 0,
                "k": {
                  "c": true,
                  "i": [
                    [
                      1.181,
                      1.181
                    ],
                    [
                      0,
                      4.224
                    ],
                    [
                      2.962,
                      0.491
                    ],
                    [
                      0,
                      0.253
                    ],
                    [
                      0.69,
                      0
                    ],
                    [
                      0,
                      -0.691
                    ],
                    [
                      -0.139,
                      -0.201
                    ],
                    [
                      0,
                      -3.101
                    ],
                    [
                      0.869,
                      -0.869
                    ],
                    [
                      -1.669,
                      0
                    ],
                    [
                      0,
                      0
                    ],
                    [
                      -1.381,
                      0
                    ],
                    [
                      0,
                      1.38
                    ],
                    [
                      0,
                      0
                    ]
                  ],
                  "o": [
                    [
                      -0.869,
                      -0.869
                    ],
                    [
                      0,
                      -3.101
                    ],
                    [
                      0.144,
                      -0.208
                    ],
                    [
                      0,
                      -0.691
                    ],
                    [
                      -0.69,
                      0
                    ],
                    [
                      0,
                      0.263
                    ],
                    [
                      -2.962,
                      0.491
                    ],
                    [
                      0,
                      4.224
                    ],
                    [
                      -1.177,
                      1.178
                    ],
                    [
                      0,
                      0
                    ],
                    [
                      0,
                      1.38
                    ],
                    [
                      1.381,
                      0
                    ],
                    [
                      0,
                      0
                    ],
                    [
                      1.665,
                      0
                    ]
                  ],
                  "v": [
                    [
                      8.197,
                      4.298
                    ],
                    [
                      6.249,
                      -1.876
                    ],
                    [
                      1.027,
                      -8.04
                    ],
                    [
                      1.249,
                      -8.749
                    ],
                    [
                      -0.001,
                      -9.999
                    ],
                    [
                      -1.251,
                      -8.749
                    ],
                    [
                      -1.031,
                      -8.04
                    ],
                    [
                      -6.251,
                      -1.876
                    ],
                    [
                      -8.201,
                      4.298
                    ],
                    [
                      -6.874,
                      7.501
                    ],
                    [
                      -2.501,
                      7.501
                    ],
                    [
                      -0.001,
                      9.999
                    ],
                    [
                      2.499,
                      7.501
                    ],
                    [
                      6.872,
                      7.501
                    ]
                  ]
                },
                "ix": 2
              }
            },
            {
              "ty": "mm",
              "bm": 0,
              "hd": false,
              "mn": "ADBE Vector Filter - Merge",
              "nm": "Merge Paths 1",
              "mm": 1
            },
            {
              "ty": "fl",
              "bm": 0,
              "hd": false,
              "mn": "ADBE Vector Graphic - Fill",
              "nm": "Fill 1",
              "c": {
                "a": 0,
                "k": [
                  1,
                  0.7451,
                  0.0431
                ],
                "ix": 4
              },
              "r": 1,
              "o": {
                "a": 0,
                "k": 100,
                "ix": 5
              }
            },
            {
              "ty": "tr",
              "a": {
                "a": 0,
                "k": [
                  0,
                  0
                ],
                "ix": 1
              },
              "s": {
                "a": 0,
                "k": [
                  100,
                  100
                ],
                "ix": 3
              },
              "sk": {
                "a": 0,
                "k": 0,
                "ix": 4
              },
              "p": {
                "a": 0,
                "k": [
                  35.751,
                  36
                ],
                "ix": 2
              },
              "r": {
                "a": 0,
                "k": 0,
                "ix": 6
              },
              "sa": {
                "a": 0,
                "k": 0,
                "ix": 5
              },
              "o": {
                "a": 0,
                "k": 100,
                "ix": 7
              }
            }
          ]
        }
      ],
      "ind": 3
    },
    {
      "ty": 4,
      "nm": "bound",
      "sr": 1,
      "st": 0,
      "op": 90.0000036657751,
      "ip": 0,
      "hd": false,
      "ddd": 0,
      "bm": 0,
      "hasMask": false,
      "ao": 0,
      "ks": {
        "a": {
          "a": 0,
          "k": [
            36,
            36,
            0
          ],
          "ix": 1
        },
        "s": {
          "a": 0,
          "k": [
            100,
            100,
            100
          ],
          "ix": 6
        },
        "sk": {
          "a": 0,
          "k": 0
        },
        "p": {
          "a": 0,
          "k": [
            36,
            35.5,
            0
          ],
          "ix": 2
        },
        "r": {
          "a": 0,
          "k": 0,
          "ix": 10
        },
        "sa": {
          "a": 0,
          "k": 0
        },
        "o": {
          "a": 0,
          "k": 100,
          "ix": 11
        }
      },
      "ef": [],
      "shapes": [
        {
          "ty": "gr",
          "bm": 0,
          "hd": false,
          "mn": "ADBE Vector Group",
          "nm": "Group 1",
          "ix": 1,
          "cix": 2,
          "np": 2,
          "it": [
            {
              "ty": "sh",
              "bm": 0,
              "hd": false,
              "mn": "ADBE Vector Shape - Group",
              "nm": "Path 1",
              "ix": 1,
              "d": 1,
              "ks": {
                "a": 0,
                "k": {
                  "c": true,
                  "i": [
                    [
                      -11.046,
                      0
                    ],
                    [
                      0,
                      0
                    ],
                    [
                      0,
                      -11.046
                    ],
                    [
                      11.046,
                      0
                    ],
                    [
                      0,
                      11.046
                    ]
                  ],
                  "o": [
                    [
                      0,
                      0
                    ],
                    [
                      11.046,
                      0
                    ],
                    [
                      0,
                      11.046
                    ],
                    [
                      -11.046,
                      0
                    ],
                    [
                      0,
                      -11.046
                    ]
                  ],
                  "v": [
                    [
                      0,
                      -20
                    ],
                    [
                      0,
                      -20
                    ],
                    [
                      20,
                      0
                    ],
                    [
                      0,
                      20
                    ],
                    [
                      -20,
                      0
                    ]
                  ]
                },
                "ix": 2
              }
            },
            {
              "ty": "fl",
              "bm": 0,
              "hd": false,
              "mn": "ADBE Vector Graphic - Fill",
              "nm": "Fill 1",
              "c": {
                "a": 0,
                "k": [
                  1,
                  0.9686,
                  0.8863
                ],
                "ix": 4
              },
              "r": 1,
              "o": {
                "a": 0,
                "k": 100,
                "ix": 5
              }
            },
            {
              "ty": "tr",
              "a": {
                "a": 0,
                "k": [
                  0,
                  0
                ],
                "ix": 1
              },
              "s": {
                "a": 0,
                "k": [
                  100,
                  100
                ],
                "ix": 3
              },
              "sk": {
                "a": 0,
                "k": 0,
                "ix": 4
              },
              "p": {
                "a": 0,
                "k": [
                  36,
                  36
                ],
                "ix": 2
              },
              "r": {
                "a": 0,
                "k": 0,
                "ix": 6
              },
              "sa": {
                "a": 0,
                "k": 0,
                "ix": 5
              },
              "o": {
                "a": 0,
                "k": 100,
                "ix": 7
              }
            }
          ]
        }
      ],
      "ind": 4
    }
  ],
  "v": "5.1.16",
  "fr": 29.9700012207031,
  "op": 90.0000036657751,
  "ip": 0,
  "assets": []
}